Name,ID,Has Item,Mod,Class
minecraft:air,0,false,null,net.minecraft.block.BlockAir
minecraft:stone,1,true,null,net.minecraft.block.BlockStone
minecraft:grass,2,true,null,net.minecraft.block.BlockGrass
minecraft:dirt,3,true,null,net.minecraft.block.BlockDirt
minecraft:cobblestone,4,true,null,net.minecraft.block.Block
minecraft:planks,5,true,null,net.minecraft.block.BlockWood
minecraft:sapling,6,true,null,net.minecraft.block.BlockSapling
minecraft:bedrock,7,true,null,net.minecraft.block.Block
minecraft:flowing_water,8,true,null,net.minecraft.block.BlockDynamicLiquid
minecraft:water,9,true,null,net.minecraft.block.BlockStaticLiquid
minecraft:flowing_lava,10,true,null,net.minecraft.block.BlockDynamicLiquid
minecraft:lava,11,true,null,net.minecraft.block.BlockStaticLiquid
minecraft:sand,12,true,null,net.minecraft.block.BlockSand
minecraft:gravel,13,true,null,net.minecraft.block.BlockGravel
minecraft:gold_ore,14,true,null,net.minecraft.block.BlockOre
minecraft:iron_ore,15,true,null,net.minecraft.block.BlockOre
minecraft:coal_ore,16,true,null,net.minecraft.block.BlockOre
minecraft:log,17,true,null,net.minecraft.block.BlockOldLog
minecraft:leaves,18,true,null,net.minecraft.block.BlockOldLeaf
minecraft:sponge,19,true,null,net.minecraft.block.BlockSponge
minecraft:glass,20,true,null,net.minecraft.block.BlockGlass
minecraft:lapis_ore,21,true,null,net.minecraft.block.BlockOre
minecraft:lapis_block,22,true,null,net.minecraft.block.BlockCompressed
minecraft:dispenser,23,true,null,net.minecraft.block.BlockDispenser
minecraft:sandstone,24,true,null,net.minecraft.block.BlockSandStone
minecraft:noteblock,25,true,null,net.minecraft.block.BlockNote
minecraft:bed,26,false,null,net.minecraft.block.BlockBed
minecraft:golden_rail,27,true,null,net.minecraft.block.BlockRailPowered
minecraft:detector_rail,28,true,null,net.minecraft.block.BlockRailDetector
minecraft:sticky_piston,29,true,null,net.minecraft.block.BlockPistonBase
minecraft:web,30,true,null,net.minecraft.block.BlockWeb
minecraft:tallgrass,31,true,null,net.minecraft.block.BlockTallGrass
minecraft:deadbush,32,true,null,net.minecraft.block.BlockDeadBush
minecraft:piston,33,true,null,net.minecraft.block.BlockPistonBase
minecraft:piston_head,34,false,null,net.minecraft.block.BlockPistonExtension
minecraft:wool,35,true,null,net.minecraft.block.BlockColored
minecraft:piston_extension,36,false,null,net.minecraft.block.BlockPistonMoving
minecraft:yellow_flower,37,true,null,net.minecraft.block.BlockFlower
minecraft:red_flower,38,true,null,net.minecraft.block.BlockFlower
minecraft:brown_mushroom,39,true,null,net.minecraft.block.BlockMushroom
minecraft:red_mushroom,40,true,null,net.minecraft.block.BlockMushroom
minecraft:gold_block,41,true,null,net.minecraft.block.BlockCompressed
minecraft:iron_block,42,true,null,net.minecraft.block.BlockCompressed
minecraft:double_stone_slab,43,true,null,net.minecraft.block.BlockStoneSlab
minecraft:stone_slab,44,true,null,net.minecraft.block.BlockStoneSlab
minecraft:brick_block,45,true,null,net.minecraft.block.Block
minecraft:tnt,46,true,null,net.minecraft.block.BlockTNT
minecraft:bookshelf,47,true,null,net.minecraft.block.BlockBookshelf
minecraft:mossy_cobblestone,48,true,null,net.minecraft.block.Block
minecraft:obsidian,49,true,null,net.minecraft.block.BlockObsidian
minecraft:torch,50,true,null,net.minecraft.block.BlockTorch
minecraft:fire,51,true,null,net.minecraft.block.BlockFire
minecraft:mob_spawner,52,true,null,net.minecraft.block.BlockMobSpawner
minecraft:oak_stairs,53,true,null,net.minecraft.block.BlockStairs
minecraft:chest,54,true,null,net.minecraft.block.BlockChest
minecraft:redstone_wire,55,false,null,net.minecraft.block.BlockRedstoneWire
minecraft:diamond_ore,56,true,null,net.minecraft.block.BlockOre
minecraft:diamond_block,57,true,null,net.minecraft.block.BlockCompressed
minecraft:crafting_table,58,true,null,net.minecraft.block.BlockWorkbench
minecraft:wheat,59,false,null,net.minecraft.block.BlockCrops
minecraft:farmland,60,true,null,net.minecraft.block.BlockFarmland
minecraft:furnace,61,true,null,net.minecraft.block.BlockFurnace
minecraft:lit_furnace,62,true,null,net.minecraft.block.BlockFurnace
minecraft:standing_sign,63,false,null,net.minecraft.block.BlockSign
minecraft:wooden_door,64,false,null,net.minecraft.block.BlockDoor
minecraft:ladder,65,true,null,net.minecraft.block.BlockLadder
minecraft:rail,66,true,null,net.minecraft.block.BlockRail
minecraft:stone_stairs,67,true,null,net.minecraft.block.BlockStairs
minecraft:wall_sign,68,false,null,net.minecraft.block.BlockSign
minecraft:lever,69,true,null,net.minecraft.block.BlockLever
minecraft:stone_pressure_plate,70,true,null,net.minecraft.block.BlockPressurePlate
minecraft:iron_door,71,false,null,net.minecraft.block.BlockDoor
minecraft:wooden_pressure_plate,72,true,null,net.minecraft.block.BlockPressurePlate
minecraft:redstone_ore,73,true,null,net.minecraft.block.BlockRedstoneOre
minecraft:lit_redstone_ore,74,false,null,net.minecraft.block.BlockRedstoneOre
minecraft:unlit_redstone_torch,75,false,null,net.minecraft.block.BlockRedstoneTorch
minecraft:redstone_torch,76,true,null,net.minecraft.block.BlockRedstoneTorch
minecraft:stone_button,77,true,null,net.minecraft.block.BlockButtonStone
minecraft:snow_layer,78,true,null,net.minecraft.block.BlockSnow
minecraft:ice,79,true,null,net.minecraft.block.BlockIce
minecraft:snow,80,true,null,net.minecraft.block.BlockSnowBlock
minecraft:cactus,81,true,null,net.minecraft.block.BlockCactus
minecraft:clay,82,true,null,net.minecraft.block.BlockClay
minecraft:reeds,83,false,null,net.minecraft.block.BlockReed
minecraft:jukebox,84,true,null,net.minecraft.block.BlockJukebox
minecraft:fence,85,true,null,net.minecraft.block.BlockFence
minecraft:pumpkin,86,true,null,net.minecraft.block.BlockPumpkin
minecraft:netherrack,87,true,null,net.minecraft.block.BlockNetherrack
minecraft:soul_sand,88,true,null,net.minecraft.block.BlockSoulSand
minecraft:glowstone,89,true,null,net.minecraft.block.BlockGlowstone
minecraft:portal,90,true,null,net.minecraft.block.BlockPortal
minecraft:lit_pumpkin,91,true,null,net.minecraft.block.BlockPumpkin
minecraft:cake,92,false,null,net.minecraft.block.BlockCake
minecraft:unpowered_repeater,93,false,null,net.minecraft.block.BlockRedstoneRepeater
minecraft:powered_repeater,94,false,null,net.minecraft.block.BlockRedstoneRepeater
minecraft:stained_glass,95,true,null,net.minecraft.block.BlockStainedGlass
minecraft:trapdoor,96,true,null,net.minecraft.block.BlockTrapDoor
minecraft:monster_egg,97,true,null,net.minecraft.block.BlockSilverfish
minecraft:stonebrick,98,true,null,net.minecraft.block.BlockStoneBrick
minecraft:brown_mushroom_block,99,true,null,net.minecraft.block.BlockHugeMushroom
minecraft:red_mushroom_block,100,true,null,net.minecraft.block.BlockHugeMushroom
minecraft:iron_bars,101,true,null,net.minecraft.block.BlockPane
minecraft:glass_pane,102,true,null,net.minecraft.block.BlockPane
minecraft:melon_block,103,true,null,net.minecraft.block.BlockMelon
minecraft:pumpkin_stem,104,false,null,net.minecraft.block.BlockStem
minecraft:melon_stem,105,false,null,net.minecraft.block.BlockStem
minecraft:vine,106,true,null,net.minecraft.block.BlockVine
minecraft:fence_gate,107,true,null,net.minecraft.block.BlockFenceGate
minecraft:brick_stairs,108,true,null,net.minecraft.block.BlockStairs
minecraft:stone_brick_stairs,109,true,null,net.minecraft.block.BlockStairs
minecraft:mycelium,110,true,null,net.minecraft.block.BlockMycelium
minecraft:waterlily,111,true,null,net.minecraft.block.BlockLilyPad
minecraft:nether_brick,112,true,null,net.minecraft.block.Block
minecraft:nether_brick_fence,113,true,null,net.minecraft.block.BlockFence
minecraft:nether_brick_stairs,114,true,null,net.minecraft.block.BlockStairs
minecraft:nether_wart,115,false,null,net.minecraft.block.BlockNetherWart
minecraft:enchanting_table,116,true,null,net.minecraft.block.BlockEnchantmentTable
minecraft:brewing_stand,117,false,null,net.minecraft.block.BlockBrewingStand
minecraft:cauldron,118,false,null,net.minecraft.block.BlockCauldron
minecraft:end_portal,119,true,null,net.minecraft.block.BlockEndPortal
minecraft:end_portal_frame,120,true,null,net.minecraft.block.BlockEndPortalFrame
minecraft:end_stone,121,true,null,net.minecraft.block.Block
minecraft:dragon_egg,122,true,null,net.minecraft.block.BlockDragonEgg
minecraft:redstone_lamp,123,true,null,net.minecraft.block.BlockRedstoneLight
minecraft:lit_redstone_lamp,124,false,null,net.minecraft.block.BlockRedstoneLight
minecraft:double_wooden_slab,125,true,null,net.minecraft.block.BlockWoodSlab
minecraft:wooden_slab,126,true,null,net.minecraft.block.BlockWoodSlab
minecraft:cocoa,127,true,null,net.minecraft.block.BlockCocoa
minecraft:sandstone_stairs,128,true,null,net.minecraft.block.BlockStairs
minecraft:emerald_ore,129,true,null,net.minecraft.block.BlockOre
minecraft:ender_chest,130,true,null,net.minecraft.block.BlockEnderChest
minecraft:tripwire_hook,131,true,null,net.minecraft.block.BlockTripWireHook
minecraft:tripwire,132,false,null,net.minecraft.block.BlockTripWire
minecraft:emerald_block,133,true,null,net.minecraft.block.BlockCompressed
minecraft:spruce_stairs,134,true,null,net.minecraft.block.BlockStairs
minecraft:birch_stairs,135,true,null,net.minecraft.block.BlockStairs
minecraft:jungle_stairs,136,true,null,net.minecraft.block.BlockStairs
minecraft:command_block,137,true,null,net.minecraft.block.BlockCommandBlock
minecraft:beacon,138,true,null,net.minecraft.block.BlockBeacon
minecraft:cobblestone_wall,139,true,null,net.minecraft.block.BlockWall
minecraft:flower_pot,140,false,null,net.minecraft.block.BlockFlowerPot
minecraft:carrots,141,true,null,net.minecraft.block.BlockCarrot
minecraft:potatoes,142,true,null,net.minecraft.block.BlockPotato
minecraft:wooden_button,143,true,null,net.minecraft.block.BlockButtonWood
minecraft:skull,144,false,null,net.minecraft.block.BlockSkull
minecraft:anvil,145,true,null,net.minecraft.block.BlockAnvil
minecraft:trapped_chest,146,true,null,net.minecraft.block.BlockChest
minecraft:light_weighted_pressure_plate,147,true,null,net.minecraft.block.BlockPressurePlateWeighted
minecraft:heavy_weighted_pressure_plate,148,true,null,net.minecraft.block.BlockPressurePlateWeighted
minecraft:unpowered_comparator,149,false,null,net.minecraft.block.BlockRedstoneComparator
minecraft:powered_comparator,150,false,null,net.minecraft.block.BlockRedstoneComparator
minecraft:daylight_detector,151,true,null,net.minecraft.block.BlockDaylightDetector
minecraft:redstone_block,152,true,null,net.minecraft.block.BlockCompressedPowered
minecraft:quartz_ore,153,true,null,net.minecraft.block.BlockOre
minecraft:hopper,154,true,null,net.minecraft.block.BlockHopper
minecraft:quartz_block,155,true,null,net.minecraft.block.BlockQuartz
minecraft:quartz_stairs,156,true,null,net.minecraft.block.BlockStairs
minecraft:activator_rail,157,true,null,net.minecraft.block.BlockRailPowered
minecraft:dropper,158,true,null,net.minecraft.block.BlockDropper
minecraft:stained_hardened_clay,159,true,null,net.minecraft.block.BlockColored
minecraft:stained_glass_pane,160,true,null,net.minecraft.block.BlockStainedGlassPane
minecraft:leaves2,161,true,null,net.minecraft.block.BlockNewLeaf
minecraft:log2,162,true,null,net.minecraft.block.BlockNewLog
minecraft:acacia_stairs,163,true,null,net.minecraft.block.BlockStairs
minecraft:dark_oak_stairs,164,true,null,net.minecraft.block.BlockStairs
simpleores:copper_ore,165,true,null,alexndr.SimpleOres.api.content.SimpleBlock
simpleores:copper_block,166,true,null,alexndr.SimpleOres.api.content.SimpleBlock
simpleores:tin_ore,167,true,null,alexndr.SimpleOres.api.content.SimpleBlock
simpleores:tin_block,168,true,null,alexndr.SimpleOres.api.content.SimpleBlock
simpleores:mythril_ore,169,true,null,alexndr.SimpleOres.api.content.SimpleBlock
minecraft:hay_block,170,true,null,net.minecraft.block.BlockHay
minecraft:carpet,171,true,null,net.minecraft.block.BlockCarpet
minecraft:hardened_clay,172,true,null,net.minecraft.block.BlockHardenedClay
minecraft:coal_block,173,true,null,net.minecraft.block.Block
minecraft:packed_ice,174,true,null,net.minecraft.block.BlockPackedIce
minecraft:double_plant,175,true,null,net.minecraft.block.BlockDoublePlant
simpleores:mythril_block,176,true,null,alexndr.SimpleOres.api.content.SimpleBlock
simpleores:adamantium_ore,177,true,null,alexndr.SimpleOres.api.content.SimpleBlock
simpleores:adamantium_block,178,true,null,alexndr.SimpleOres.api.content.SimpleBlock
simpleores:onyx_ore,179,true,null,alexndr.SimpleOres.api.content.SimpleBlock
simpleores:onyx_block,180,true,null,alexndr.SimpleOres.api.content.SimpleBlock
simpleores:mythril_furnace,181,true,null,alexndr.SimpleOres.core.content.MythrilFurnace
simpleores:mythril_furnace_lit,182,true,null,alexndr.SimpleOres.core.content.MythrilFurnace
simpleores:onyx_furnace,183,true,null,alexndr.SimpleOres.core.content.OnyxFurnace
simpleores:onyx_furnace_lit,184,true,null,alexndr.SimpleOres.core.content.OnyxFurnace
simpleores:copper_door_block,185,true,null,alexndr.SimpleOres.core.content.SimpleDoor
simpleores:onyx_door_block,186,true,null,alexndr.SimpleOres.core.content.SimpleDoor
simpleores:copper_bars,187,true,null,alexndr.SimpleOres.core.content.SimpleBars
simpleores:tin_bars,188,true,null,alexndr.SimpleOres.core.content.SimpleBars
simpleores:mythril_bars,189,true,null,alexndr.SimpleOres.core.content.SimpleBars
simpleores:adamantium_bars,190,true,null,alexndr.SimpleOres.core.content.SimpleBars
simpleores:onyx_bars,191,true,null,alexndr.SimpleOres.core.content.SimpleBars
aestheticsplugin:coppe_bricks,192,true,null,alexndr.SimpleOres.api.content.SimpleBlock
aestheticsplugin:tin_bricks,193,true,null,alexndr.SimpleOres.api.content.SimpleBlock
aestheticsplugin:mythril_bricks,194,true,null,alexndr.SimpleOres.api.content.SimpleBlock
aestheticsplugin:adamantium_bricks,195,true,null,alexndr.SimpleOres.api.content.SimpleBlock
aestheticsplugin:onyx_bricks,196,true,null,alexndr.SimpleOres.api.content.SimpleBlock
aestheticsplugin:copper_brick_stairs,197,true,null,alexndr.SimpleOres.api.content.SimpleStairs
aestheticsplugin:tin_brick_stairs,198,true,null,alexndr.SimpleOres.api.content.SimpleStairs
aestheticsplugin:mythril_brick_stairs,199,true,null,alexndr.SimpleOres.api.content.SimpleStairs
aestheticsplugin:adamantium_brick_stairs,200,true,null,alexndr.SimpleOres.api.content.SimpleStairs
aestheticsplugin:onyx_brick_stairs,201,true,null,alexndr.SimpleOres.api.content.SimpleStairs
aestheticsplugin:bronze_bricks,202,true,null,alexndr.SimpleOres.api.content.SimpleBlock
aestheticsplugin:thyrium_bricks,203,true,null,alexndr.SimpleOres.api.content.SimpleBlock
aestheticsplugin:sinisite_bricks,204,true,null,alexndr.SimpleOres.api.content.SimpleBlock
aestheticsplugin:bronze_brick_stairs,205,true,null,alexndr.SimpleOres.api.content.SimpleStairs
aestheticsplugin:thyrium_brick_stairs,206,true,null,alexndr.SimpleOres.api.content.SimpleStairs
aestheticsplugin:sinisite_brick_stairs,207,true,null,alexndr.SimpleOres.api.content.SimpleStairs
aestheticsplugin:fyrite_bricks,208,true,null,alexndr.SimpleOres.api.content.SimpleBlock
aestheticsplugin:malachite_bricks,209,true,null,alexndr.SimpleOres.api.content.SimpleBlock
aestheticsplugin:ashstone_bricks,210,true,null,alexndr.SimpleOres.api.content.SimpleBlock
aestheticsplugin:illumenite_bricks,211,true,null,alexndr.SimpleOres.api.content.SimpleBlock
aestheticsplugin:dragonstone_bricks,212,true,null,alexndr.SimpleOres.api.content.SimpleBlock
aestheticsplugin:argonite_bricks,213,true,null,alexndr.SimpleOres.api.content.SimpleBlock
aestheticsplugin:fyrite_brick_stairs,214,true,null,alexndr.SimpleOres.api.content.SimpleStairs
aestheticsplugin:malachite_brick_stairs,215,true,null,alexndr.SimpleOres.api.content.SimpleStairs
aestheticsplugin:ashstone_brick_stairs,216,true,null,alexndr.SimpleOres.api.content.SimpleStairs
aestheticsplugin:illumenite_brick_stairs,217,true,null,alexndr.SimpleOres.api.content.SimpleStairs
aestheticsplugin:dragonstone_brick_stairs,218,true,null,alexndr.SimpleOres.api.content.SimpleStairs
aestheticsplugin:argonite_brick_stairs,219,true,null,alexndr.SimpleOres.api.content.SimpleStairs
fusionplugin:bronze_block,220,true,null,alexndr.SimpleOres.api.content.SimpleBlock
fusionplugin:thyrium_block,221,true,null,alexndr.SimpleOres.api.content.SimpleBlock
fusionplugin:sinisite_block,222,true,null,alexndr.SimpleOres.api.content.SimpleBlock
fusionplugin:fusion_furnace,223,true,null,alexndr.SimpleOres.plugins.fusion.FusionFurnace
fusionplugin:fusion_furnace_lit,224,true,null,alexndr.SimpleOres.plugins.fusion.FusionFurnace
netherrocks:fyrite_ore,225,true,null,alexndr.SimpleOres.api.content.SimpleBlock
netherrocks:fyrite_block,226,true,null,alexndr.SimpleOres.api.content.SimpleBlock
netherrocks:malachite_ore,227,true,null,alexndr.SimpleOres.api.content.SimpleBlock
netherrocks:malachite_block,228,true,null,alexndr.SimpleOres.api.content.SimpleBlock
netherrocks:ashstone_ore,229,true,null,alexndr.SimpleOres.api.content.SimpleBlock
netherrocks:ashstone_block,230,true,null,alexndr.SimpleOres.api.content.SimpleBlock
netherrocks:illumenite_ore,231,true,null,alexndr.SimpleOres.api.content.SimpleBlock
netherrocks:illumenite_block,232,true,null,alexndr.SimpleOres.api.content.SimpleBlock
netherrocks:dragonstone_ore,233,true,null,alexndr.SimpleOres.api.content.SimpleBlock
netherrocks:dragonstone_block,234,true,null,alexndr.SimpleOres.api.content.SimpleBlock
netherrocks:argonite_ore,235,true,null,alexndr.SimpleOres.api.content.SimpleBlock
netherrocks:argonite_block,236,true,null,alexndr.SimpleOres.api.content.SimpleBlock
netherrocks:nether_furnace,237,true,null,alexndr.SimpleOres.plugins.netherrocks.NetherFurnace
netherrocks:nether_furnace_lit,238,true,null,alexndr.SimpleOres.plugins.netherrocks.NetherFurnace
ArchimedesShips:marker,239,true,null,ckathode.archimedes.blockitem.BlockHelm
ArchimedesShips:floater,240,true,null,ckathode.archimedes.blockitem.BlockAS
ArchimedesShips:balloon,241,true,null,net.minecraft.block.BlockColored
ArchimedesShips:gauge,242,true,null,ckathode.archimedes.blockitem.BlockGauge
ArchimedesShips:seat,243,true,null,ckathode.archimedes.blockitem.BlockSeat
ArchimedesShips:buffer,244,true,null,ckathode.archimedes.blockitem.BlockAS
ArchimedesShips:engine,245,true,null,ckathode.archimedes.blockitem.BlockEngine
ArchimedesShips:crate_wood,246,true,null,ckathode.archimedes.blockitem.BlockCrate
ashenwheat:ashWheatCrop,247,true,null,akkamaddi.ashenwheat.code.AshWheatCrop
ashenwheat:ashWheatBale,248,true,null,akkamaddi.ashenwheat.code.AshWheatBale
ashenwheat:scintillaWheatCrop,249,true,null,akkamaddi.ashenwheat.code.ScintillaWheatCrop
ashenwheat:scintillaWheatBale,250,true,null,akkamaddi.ashenwheat.code.ScintillaWheatBale
ashenwheat:ossidVine,251,true,null,akkamaddi.ashenwheat.code.OssidRootCrop
ashenwheat:ossidRoot,252,true,null,akkamaddi.ashenwheat.code.OssidRoot
ashenwheat:ossidLantern,253,true,null,akkamaddi.ashenwheat.code.OssidRoot
ashenwheat:thundergrass,254,true,null,akkamaddi.ashenwheat.code.ThunderGrassCrop
BiblioCraft:BiblioTypewriter,255,true,null,jds.bibliocraft.blocks.BlockTypewriter
BiblioCraft:BiblioClock,409,true,null,jds.bibliocraft.blocks.BlockClock
BiblioCraft:BiblioFlatPainting,410,true,null,jds.bibliocraft.blocks.BlockPaintingFrameFlat
BiblioCraft:BiblioSimplePainting,411,true,null,jds.bibliocraft.blocks.BlockPaintingFrameSimple
BiblioCraft:BiblioMiddlePainting,412,true,null,jds.bibliocraft.blocks.BlockPaintingFrameMiddle
BiblioCraft:BiblioFancyPainting,413,true,null,jds.bibliocraft.blocks.BlockPaintingFrameFancy
BiblioCraft:BiblioBorderlessPainting,414,true,null,jds.bibliocraft.blocks.BlockPaintingFrameBorderless
BiblioCraft:BiblioPaintPress,415,true,null,jds.bibliocraft.blocks.BlockPaintPress
BiblioCraft:BiblioSwordPedestal,416,true,null,jds.bibliocraft.blocks.BlockSwordPedestal
BiblioCraft:BiblioFancySign,423,true,null,jds.bibliocraft.blocks.BlockFancySign
BiblioCraft:BiblioWorkbench,424,true,null,jds.bibliocraft.blocks.BlockFancyWorkbench
BiblioCraft:BiblioBell,425,true,null,jds.bibliocraft.blocks.BlockBell
BiblioCraft:Bibliotheca,426,true,null,jds.bibliocraft.blocks.BlockBookcase
BiblioCraft:BiblioPotionShelf,427,true,null,jds.bibliocraft.blocks.BlockPotionShelf
BiblioCraft:BiblioShelf,428,true,null,jds.bibliocraft.blocks.BlockGenericShelf
BiblioCraft:BiblioRack,429,true,null,jds.bibliocraft.blocks.BlockWeaponRack
BiblioCraft:BiblioCase,430,true,null,jds.bibliocraft.blocks.BlockWeaponCase
BiblioCraft:BiblioLabel,431,true,null,jds.bibliocraft.blocks.BlockLabel
BiblioCraft:BiblioDesk,432,true,null,jds.bibliocraft.blocks.BlockWritingDesk
BiblioCraft:BiblioTable,433,true,null,jds.bibliocraft.blocks.BlockTable
BiblioCraft:Armor Stand,434,true,null,jds.bibliocraft.blocks.BlockArmorStand
BiblioCraft:Typesetting Machine,435,true,null,jds.bibliocraft.blocks.BlockTypeMachine
BiblioCraft:Printing Press,436,true,null,jds.bibliocraft.blocks.BlockPrintPress
BiblioCraft:BiblioLantern,437,true,null,jds.bibliocraft.blocks.BlockLantern
BiblioCraft:BiblioIronLantern,438,true,null,jds.bibliocraft.blocks.BlockIronLantern
BiblioCraft:BiblioLamp,439,true,null,jds.bibliocraft.blocks.BlockLamp
BiblioCraft:BiblioIronLamp,440,true,null,jds.bibliocraft.blocks.BlockIronLamp
BiblioCraft:BiblioStuffs,441,true,null,jds.bibliocraft.blocks.BlockStuff
BiblioCraft:BiblioMapFrames,442,true,null,jds.bibliocraft.blocks.BlockMapFrame
BiblioCraft:BiblioSeats,443,true,null,jds.bibliocraft.blocks.BlockSeat
BiblioWoodsEBXL:BiblioWoodBookcase,444,true,null,jds.bibliowood.ebxlwood.blocks.BlockCustomBookcase
BiblioWoodsEBXL:BiblioWoodpotshelf,445,true,null,jds.bibliowood.ebxlwood.blocks.BlockCustomPotionShelf
BiblioWoodsEBXL:BiblioWoodshelf,446,true,null,jds.bibliowood.ebxlwood.blocks.BlockCustomShelf
BiblioWoodsEBXL:BiblioWoodrack,447,true,null,jds.bibliowood.ebxlwood.blocks.BlockCustomToolrack
BiblioWoodsEBXL:BiblioWoodcase,448,true,null,jds.bibliowood.ebxlwood.blocks.BlockCustomCase0
BiblioWoodsEBXL:BiblioWoodlabel,449,true,null,jds.bibliowood.ebxlwood.blocks.BlockCustomLabel
BiblioWoodsEBXL:BiblioWooddesk,450,true,null,jds.bibliowood.ebxlwood.blocks.BlockCustomDesk
BiblioWoodsEBXL:BiblioWoodtable,451,true,null,jds.bibliowood.ebxlwood.blocks.BlockCustomTable
BiblioWoodsEBXL:BiblioWoodSeat,452,true,null,jds.bibliowood.ebxlwood.blocks.BlockCustomSeat
BiblioWoodsEBXL:BiblioWoodMapFrame,453,true,null,jds.bibliowood.ebxlwood.blocks.BlockCustomMapFrame
BiblioWoodsEBXL:BiblioWoodFancySign,454,true,null,jds.bibliowood.ebxlwood.blocks.BlockCustomFancySign
BiblioWoodsEBXL:BiblioWoodFancyWorkbench,455,true,null,jds.bibliowood.ebxlwood.blocks.BlockCustomFancyWorkbench
BiblioWoodsEBXL:BiblioWoodClock,456,true,null,jds.bibliowood.ebxlwood.blocks.BlockCustomClock
BiblioWoodsEBXL:BiblioWoodPaintingT0,457,true,null,jds.bibliowood.ebxlwood.blocks.BlockCustomPaintingFrameT0
BiblioWoodsEBXL:BiblioWoodPaintingT1,458,true,null,jds.bibliowood.ebxlwood.blocks.BlockCustomPaintingFrameT1
BiblioWoodsEBXL:BiblioWoodPaintingT2,459,true,null,jds.bibliowood.ebxlwood.blocks.BlockCustomPaintingFrameT2
BiblioWoodsEBXL:BiblioWoodPaintingT3,460,true,null,jds.bibliowood.ebxlwood.blocks.BlockCustomPaintingFrameT3
BiblioWoodsEBXL:BiblioWoodPaintingT4,461,true,null,jds.bibliowood.ebxlwood.blocks.BlockCustomPaintingFrameT4
Natura:N Crops,462,true,null,mods.natura.blocks.crops.CropBlock
Natura:BerryBush,463,true,null,mods.natura.blocks.crops.BerryBush
Natura:NetherBerryBush,464,true,null,mods.natura.blocks.crops.NetherBerryBush
Natura:Cloud,465,true,null,mods.natura.blocks.CloudBlock
Natura:tree,466,true,null,mods.natura.blocks.trees.TreeBlock
Natura:redwood,467,true,null,mods.natura.blocks.trees.SimpleLog
Natura:planks,468,true,null,mods.natura.blocks.trees.Planks
Natura:floraleaves,469,true,null,mods.natura.blocks.trees.NLeaves
Natura:floraleavesnocolor,470,true,null,mods.natura.blocks.trees.NLeavesNocolor
Natura:florasapling,471,true,null,mods.natura.blocks.trees.NSaplingBlock
Natura:Saguaro,472,true,null,mods.natura.blocks.trees.SaguaroBlock
Natura:willow,473,true,null,mods.natura.blocks.trees.WillowBlock
Natura:door.redwood,474,true,null,mods.natura.blocks.trees.NDoor
Natura:door.eucalyptus,475,true,null,mods.natura.blocks.trees.NDoor
Natura:door.hopseed,476,true,null,mods.natura.blocks.trees.NDoor
Natura:door.sakura,477,true,null,mods.natura.blocks.trees.NDoor
Natura:door.ghostwood,478,true,null,mods.natura.blocks.trees.NDoor
Natura:door.bloodwood,479,true,null,mods.natura.blocks.trees.NDoor
Natura:door.redwoodbark,480,true,null,mods.natura.blocks.trees.NDoor
Natura:bloodwood,481,true,null,mods.natura.blocks.trees.LogTwoxTwo
Natura:soil.tainted,482,true,null,mods.natura.blocks.nether.TaintedSoil
Natura:heatsand,483,true,null,mods.natura.blocks.nether.HeatSand
Natura:Dark Tree,484,true,null,mods.natura.blocks.trees.DarkTreeBlock
Natura:Dark Leaves,485,true,null,mods.natura.blocks.trees.NLeavesDark
Natura:Thornvines,486,true,null,mods.natura.blocks.crops.ThornVines
Natura:Glowshroom,487,true,null,mods.natura.blocks.crops.Glowshroom
Natura:blueGlowshroom,488,true,null,mods.natura.blocks.crops.LargeGlowshroom
Natura:purpleGlowshroom,489,true,null,mods.natura.blocks.crops.LargeGlowshroom
Natura:greenGlowshroom,490,true,null,mods.natura.blocks.crops.LargeGlowshroom
Natura:Blazerail,491,true,null,mods.natura.blocks.tech.BlazeRail
Natura:BrailPowered,492,true,null,mods.natura.blocks.tech.BlazeRailPowered
Natura:BrailDetector,493,true,null,mods.natura.blocks.tech.BlazeRailDetector
Natura:BrailActivator,494,true,null,mods.natura.blocks.tech.BlazeRailPowered
Natura:NetherFurnace,495,true,null,mods.natura.blocks.tech.NetherrackFurnaceBlock
Natura:Obelisk,496,true,null,mods.natura.blocks.tech.RespawnObelisk
Natura:NetherGlass,497,true,null,mods.natura.blocks.nether.NetherGlass
Natura:NetherHopper,498,true,null,mods.natura.blocks.tech.BlazeHopper
Natura:NetherPressurePlate,499,true,null,mods.natura.blocks.overrides.AlternatePressurePlate
Natura:NetherButton,500,true,null,mods.natura.blocks.overrides.NetherrackButton
Natura:NetherLever,501,true,null,mods.natura.blocks.overrides.NetherLever
Natura:Rare Tree,502,true,null,mods.natura.blocks.trees.OverworldTreeBlock
Natura:Rare Leaves,503,true,null,mods.natura.blocks.trees.OverworldLeaves
Natura:Rare Sapling,504,true,null,mods.natura.blocks.trees.OverworldSapling
Natura:Bluebells,505,true,null,mods.natura.blocks.crops.FlowerBlock
Natura:Natura.workbench,506,true,null,mods.natura.blocks.overrides.AlternateWorkbench
Natura:Natura.bookshelf,507,true,null,mods.natura.blocks.overrides.AlternateBookshelf
Natura:Natura.fence,508,true,null,mods.natura.blocks.overrides.AlternateFence
Natura:GrassBlock,509,true,null,mods.natura.blocks.GrassBlock
Natura:GrassSlab,510,true,null,mods.natura.blocks.GrassSlab
Natura:plankSlab1,511,true,null,mods.natura.blocks.NSlabBase
Natura:plankSlab2,512,true,null,mods.natura.blocks.NSlabBase
Natura:stair.eucalyptus,513,true,null,mods.natura.blocks.NStairs
Natura:stair.sakura,514,true,null,mods.natura.blocks.NStairs
Natura:stair.ghostwood,515,true,null,mods.natura.blocks.NStairs
Natura:stair.redwood,516,true,null,mods.natura.blocks.NStairs
Natura:stair.bloodwood,517,true,null,mods.natura.blocks.NStairs
Natura:stair.hopseed,518,true,null,mods.natura.blocks.NStairs
Natura:stair.maple,519,true,null,mods.natura.blocks.NStairs
Natura:stair.silverbell,520,true,null,mods.natura.blocks.NStairs
Natura:stair.amaranth,521,true,null,mods.natura.blocks.NStairs
Natura:stair.tiger,522,true,null,mods.natura.blocks.NStairs
Natura:stair.willow,523,true,null,mods.natura.blocks.NStairs
Natura:stair.darkwood,524,true,null,mods.natura.blocks.NStairs
Natura:stair.fusewood,525,true,null,mods.natura.blocks.NStairs
Natura:pressureplate.eucalyptus,526,true,null,mods.natura.blocks.NPressurePlate
Natura:trapdoor.eucalyptus,527,true,null,mods.natura.blocks.NTrapdoor
Natura:button.eucalyptus,528,true,null,mods.natura.blocks.NButton
Natura:fenceGate.eucalyptus,529,true,null,mods.natura.blocks.NFenceGate
Natura:pressureplate.sakura,530,true,null,mods.natura.blocks.NPressurePlate
Natura:trapdoor.sakura,531,true,null,mods.natura.blocks.NTrapdoor
Natura:button.sakura,532,true,null,mods.natura.blocks.NButton
Natura:fenceGate.sakura,533,true,null,mods.natura.blocks.NFenceGate
Natura:pressureplate.ghostwood,534,true,null,mods.natura.blocks.NPressurePlate
Natura:trapdoor.ghostwood,535,true,null,mods.natura.blocks.NTrapdoor
Natura:button.ghostwood,536,true,null,mods.natura.blocks.NButton
Natura:fenceGate.ghostwood,537,true,null,mods.natura.blocks.NFenceGate
Natura:pressureplate.redwood,538,true,null,mods.natura.blocks.NPressurePlate
Natura:trapdoor.redwood,539,true,null,mods.natura.blocks.NTrapdoor
Natura:button.redwood,540,true,null,mods.natura.blocks.NButton
Natura:fenceGate.redwood,541,true,null,mods.natura.blocks.NFenceGate
Natura:pressureplate.bloodwood,542,true,null,mods.natura.blocks.NPressurePlate
Natura:trapdoor.bloodwood,543,true,null,mods.natura.blocks.NTrapdoor
Natura:button.bloodwood,544,true,null,mods.natura.blocks.NButton
Natura:fenceGate.bloodwood,545,true,null,mods.natura.blocks.NFenceGate
Natura:pressureplate.hopseed,546,true,null,mods.natura.blocks.NPressurePlate
Natura:trapdoor.hopseed,547,true,null,mods.natura.blocks.NTrapdoor
Natura:button.hopseed,548,true,null,mods.natura.blocks.NButton
Natura:fenceGate.hopseed,549,true,null,mods.natura.blocks.NFenceGate
Natura:pressureplate.maple,550,true,null,mods.natura.blocks.NPressurePlate
Natura:trapdoor.maple,551,true,null,mods.natura.blocks.NTrapdoor
Natura:button.maple,552,true,null,mods.natura.blocks.NButton
Natura:fenceGate.maple,553,true,null,mods.natura.blocks.NFenceGate
Natura:pressureplate.amaranth,554,true,null,mods.natura.blocks.NPressurePlate
Natura:trapdoor.amaranth,555,true,null,mods.natura.blocks.NTrapdoor
Natura:button.amaranth,556,true,null,mods.natura.blocks.NButton
Natura:fenceGate.amaranth,557,true,null,mods.natura.blocks.NFenceGate
Natura:pressureplate.silverbell,558,true,null,mods.natura.blocks.NPressurePlate
Natura:trapdoor.silverbell,559,true,null,mods.natura.blocks.NTrapdoor
Natura:button.silverbell,560,true,null,mods.natura.blocks.NButton
Natura:fenceGate.silverbell,561,true,null,mods.natura.blocks.NFenceGate
Natura:pressureplate.tiger,562,true,null,mods.natura.blocks.NPressurePlate
Natura:trapdoor.tiger,563,true,null,mods.natura.blocks.NTrapdoor
Natura:button.tiger,564,true,null,mods.natura.blocks.NButton
Natura:fenceGate.tiger,565,true,null,mods.natura.blocks.NFenceGate
Natura:pressureplate.willow,566,true,null,mods.natura.blocks.NPressurePlate
Natura:trapdoor.willow,567,true,null,mods.natura.blocks.NTrapdoor
Natura:button.willow,568,true,null,mods.natura.blocks.NButton
Natura:fenceGate.willow,569,true,null,mods.natura.blocks.NFenceGate
Natura:pressureplate.darkwood,570,true,null,mods.natura.blocks.NPressurePlate
Natura:trapdoor.darkwood,571,true,null,mods.natura.blocks.NTrapdoor
Natura:button.darkwood,572,true,null,mods.natura.blocks.NButton
Natura:fenceGate.darkwood,573,true,null,mods.natura.blocks.NFenceGate
Natura:pressureplate.fusewood,574,true,null,mods.natura.blocks.NPressurePlate
Natura:trapdoor.fusewood,575,true,null,mods.natura.blocks.NTrapdoor
Natura:button.fusewood,576,true,null,mods.natura.blocks.NButton
Natura:fenceGate.fusewood,577,true,null,mods.natura.blocks.NFenceGate
BiblioWoodsNatura:BiblioWoodBookcase,578,true,null,jds.bibliowood.naturawood.blocks.BlockCustomBookcase
BiblioWoodsNatura:BiblioWoodpotshelf,579,true,null,jds.bibliowood.naturawood.blocks.BlockCustomPotionShelf
BiblioWoodsNatura:BiblioWoodshelf,580,true,null,jds.bibliowood.naturawood.blocks.BlockCustomShelf
BiblioWoodsNatura:BiblioWoodrack,581,true,null,jds.bibliowood.naturawood.blocks.BlockCustomToolrack
BiblioWoodsNatura:BiblioWoodcase0,582,true,null,jds.bibliowood.naturawood.blocks.BlockCustomCase0
BiblioWoodsNatura:BiblioWoodlabel,583,true,null,jds.bibliowood.naturawood.blocks.BlockCustomLabel
BiblioWoodsNatura:BiblioWooddesk,584,true,null,jds.bibliowood.naturawood.blocks.BlockCustomDesk
BiblioWoodsNatura:BiblioWoodtable,585,true,null,jds.bibliowood.naturawood.blocks.BlockCustomTable
BiblioWoodsNatura:BiblioWoodSeat,586,true,null,jds.bibliowood.naturawood.blocks.BlockCustomSeat
BiblioWoodsNatura:BiblioWoodMapFrame,587,true,null,jds.bibliowood.naturawood.blocks.BlockCustomMapFrame
BiblioWoodsNatura:BiblioWoodFancySign,588,true,null,jds.bibliowood.naturawood.blocks.BlockCustomFancySign
BiblioWoodsNatura:BiblioWoodFancyWorkbench,589,true,null,jds.bibliowood.naturawood.blocks.BlockCustomFancyWorkbench
BiblioWoodsNatura:BiblioWoodClock,590,true,null,jds.bibliowood.naturawood.blocks.BlockCustomClock
BiblioWoodsNatura:BiblioWoodPaintingT0,591,true,null,jds.bibliowood.naturawood.blocks.BlockCustomPaintingFrameT0
BiblioWoodsNatura:BiblioWoodPaintingT1,592,true,null,jds.bibliowood.naturawood.blocks.BlockCustomPaintingFrameT1
BiblioWoodsNatura:BiblioWoodPaintingT2,593,true,null,jds.bibliowood.naturawood.blocks.BlockCustomPaintingFrameT2
BiblioWoodsNatura:BiblioWoodPaintingT3,594,true,null,jds.bibliowood.naturawood.blocks.BlockCustomPaintingFrameT3
BiblioWoodsNatura:BiblioWoodPaintingT4,595,true,null,jds.bibliowood.naturawood.blocks.BlockCustomPaintingFrameT4
Thaumcraft:blockFluxGoo,596,true,null,thaumcraft.common.blocks.BlockFluxGoo
Thaumcraft:blockFluxGas,597,true,null,thaumcraft.common.blocks.BlockFluxGas
Thaumcraft:blockFluidPure,598,true,null,thaumcraft.common.blocks.BlockFluidPure
Thaumcraft:blockFluidDeath,599,true,null,thaumcraft.common.blocks.BlockFluidDeath
Thaumcraft:blockCustomOre,600,true,null,thaumcraft.common.blocks.BlockCustomOre
Thaumcraft:blockMagicalLog,601,true,null,thaumcraft.common.blocks.BlockMagicalLog
Thaumcraft:blockMagicalLeaves,602,true,null,thaumcraft.common.blocks.BlockMagicalLeaves
Thaumcraft:blockCustomPlant,603,true,null,thaumcraft.common.blocks.BlockCustomPlant
Thaumcraft:blockTaint,604,true,null,thaumcraft.common.blocks.BlockTaint
Thaumcraft:blockTaintFibres,605,true,null,thaumcraft.common.blocks.BlockTaintFibres
Thaumcraft:blockCosmeticOpaque,606,true,null,thaumcraft.common.blocks.BlockCosmeticOpaque
Thaumcraft:blockCosmeticSolid,607,true,null,thaumcraft.common.blocks.BlockCosmeticSolid
Thaumcraft:blockCrystal,608,true,null,thaumcraft.common.blocks.BlockCrystal
Thaumcraft:blockTube,609,true,null,thaumcraft.common.blocks.BlockTube
Thaumcraft:blockMetalDevice,610,true,null,thaumcraft.common.blocks.BlockMetalDevice
Thaumcraft:blockWoodenDevice,611,true,null,thaumcraft.common.blocks.BlockWoodenDevice
Thaumcraft:blockStoneDevice,612,true,null,thaumcraft.common.blocks.BlockStoneDevice
Thaumcraft:blockMirror,613,true,null,thaumcraft.common.blocks.BlockMirror
Thaumcraft:blockTable,614,true,null,thaumcraft.common.blocks.BlockTable
Thaumcraft:blockChestHungry,615,true,null,thaumcraft.common.blocks.BlockChestHungry
Thaumcraft:blockArcaneDoor,616,true,null,thaumcraft.common.blocks.BlockArcaneDoor
Thaumcraft:blockLifter,617,true,null,thaumcraft.common.blocks.BlockLifter
Thaumcraft:blockMagicBox,618,true,null,thaumcraft.common.blocks.BlockMagicBox
Thaumcraft:blockJar,619,true,null,thaumcraft.common.blocks.BlockJar
Thaumcraft:blockCandle,620,true,null,thaumcraft.common.blocks.BlockCandle
Thaumcraft:blockAiry,621,true,null,thaumcraft.common.blocks.BlockAiry
Thaumcraft:blockManaPod,622,true,null,thaumcraft.common.blocks.BlockManaPod
Thaumcraft:blockArcaneFurnace,623,true,null,thaumcraft.common.blocks.BlockArcaneFurnace
Thaumcraft:blockWarded,624,true,null,thaumcraft.common.blocks.BlockWarded
Thaumcraft:blockHole,625,true,null,thaumcraft.common.blocks.BlockHole
Botania:flower,626,true,null,vazkii.botania.common.block.BlockModFlower
Botania:altar,627,true,null,vazkii.botania.common.block.BlockAltar
Botania:livingrock,628,true,null,vazkii.botania.common.block.BlockLivingrock
Botania:livingwood,629,true,null,vazkii.botania.common.block.BlockLivingwood
Botania:specialFlower,630,true,null,vazkii.botania.common.block.BlockSpecialFlower
Botania:spreader,631,true,null,vazkii.botania.common.block.BlockSpreader
Botania:pool,632,true,null,vazkii.botania.common.block.BlockPool
Botania:runeAltar,633,true,null,vazkii.botania.common.block.BlockRuneAltar
Botania:unstableBlock,634,true,null,vazkii.botania.common.block.decor.BlockUnstable
Botania:pylon,635,true,null,vazkii.botania.common.block.BlockPylon
Botania:pistonRelay,636,true,null,vazkii.botania.common.block.BlockPistonRelay
Botania:distributor,637,true,null,vazkii.botania.common.block.BlockDistributor
Botania:manaBeacon,638,true,null,vazkii.botania.common.block.decor.BlockManaBeacon
Botania:manaVoid,639,true,null,vazkii.botania.common.block.BlockManaVoid
Botania:manaDetector,640,true,null,vazkii.botania.common.block.BlockManaDetector
Botania:enchanter,641,true,null,vazkii.botania.common.block.BlockEnchanter
Botania:turntable,642,true,null,vazkii.botania.common.block.BlockTurntable
Botania:tinyPlanetBlock,643,true,null,vazkii.botania.common.block.BlockTinyPlanet
Botania:alchemyCatalyst,644,true,null,vazkii.botania.common.block.BlockAlchemyCatalyst
Botania:openCrate,645,true,null,vazkii.botania.common.block.BlockOpenCrate
Botania:forestEye,646,true,null,vazkii.botania.common.block.BlockForestEye
Botania:storage,647,true,null,vazkii.botania.common.block.BlockStorage
Botania:forestDrum,648,true,null,vazkii.botania.common.block.BlockForestDrum
Botania:shinyFlower,649,true,null,vazkii.botania.common.block.decor.BlockShinyFlower
Botania:platform,650,true,null,vazkii.botania.common.block.BlockPlatform
Botania:alfheimPortal,651,true,null,vazkii.botania.common.block.BlockAlfPortal
Botania:dreamwood,652,true,null,vazkii.botania.common.block.BlockDreamwood
Botania:conjurationCatalyst,653,true,null,vazkii.botania.common.block.BlockConjurationCatalyst
Botania:bifrost,654,true,null,vazkii.botania.common.block.BlockBifrost
Botania:solidVine,655,true,null,vazkii.botania.common.block.BlockSolidVines
Botania:buriedPetals,656,true,null,vazkii.botania.common.block.decor.BlockBuriedPetals
Botania:prismarine,657,true,null,vazkii.botania.common.block.decor.BlockPrismarine
Botania:seaLamp,658,true,null,vazkii.botania.common.block.decor.BlockSeaLamp
Botania:miniIsland,659,true,null,vazkii.botania.common.block.decor.BlockMiniIsland
Botania:tinyPotato,660,true,null,vazkii.botania.common.block.decor.BlockTinyPotato
Botania:spawnerClaw,661,true,null,vazkii.botania.common.block.BlockSpawnerClaw
Botania:reedBlock,662,true,null,vazkii.botania.common.block.decor.BlockReeds
Botania:thatch,663,true,null,vazkii.botania.common.block.decor.BlockThatch
Botania:customBrick,664,true,null,vazkii.botania.common.block.decor.BlockCustomBrick
Botania:enderEyeBlock,665,true,null,vazkii.botania.common.block.BlockEnderEye
Botania:starfield,666,true,null,vazkii.botania.common.block.decor.BlockStarfield
Botania:rfGenerator,667,true,null,vazkii.botania.common.block.BlockRFGenerator
Botania:elfGlass,668,true,null,vazkii.botania.common.block.BlockElfGlass
Botania:livingwood0Stairs,669,true,null,vazkii.botania.common.block.decor.stairs.living.BlockLivingwoodStairs
Botania:livingwood1Stairs,670,true,null,vazkii.botania.common.block.decor.stairs.living.BlockLivingwoodPlankStairs
Botania:livingrock0Stairs,671,true,null,vazkii.botania.common.block.decor.stairs.living.BlockLivingrockStairs
Botania:livingrock1Stairs,672,true,null,vazkii.botania.common.block.decor.stairs.living.BlockLivingrockBrickStairs
Botania:dreamwood0Stairs,673,true,null,vazkii.botania.common.block.decor.stairs.living.BlockDreamwoodStairs
Botania:dreamwood1Stairs,674,true,null,vazkii.botania.common.block.decor.stairs.living.BlockDreamwoodPlankStairs
Botania:reedBlock0Stairs,675,true,null,vazkii.botania.common.block.decor.stairs.BlockReedStairs
Botania:thatch0Stairs,676,true,null,vazkii.botania.common.block.decor.stairs.BlockThatchStairs
Botania:prismarine0Stairs,677,true,null,vazkii.botania.common.block.decor.stairs.prismarine.BlockPrismarineStairs
Botania:prismarine1Stairs,678,true,null,vazkii.botania.common.block.decor.stairs.prismarine.BlockPrismarineBrickStairs
Botania:prismarine2Stairs,679,true,null,vazkii.botania.common.block.decor.stairs.prismarine.BlockDarkPrismarineStairs
Botania:customBrick0Stairs,680,true,null,vazkii.botania.common.block.decor.stairs.bricks.BlockCustomBrickStairs
Botania:customBrick1Stairs,681,true,null,vazkii.botania.common.block.decor.stairs.bricks.BlockSoulBrickStairs
Botania:customBrick2Stairs,682,true,null,vazkii.botania.common.block.decor.stairs.bricks.BlockSnowBrickStairs
Botania:customBrick3Stairs,683,true,null,vazkii.botania.common.block.decor.stairs.bricks.BlockTileStairs
Botania:quartzTypeDark,684,true,null,vazkii.botania.common.block.decor.quartz.BlockSpecialQuartz
Botania:quartzStairsDark,685,true,null,vazkii.botania.common.block.decor.quartz.BlockSpecialQuartzStairs
Botania:quartzTypeMana,686,true,null,vazkii.botania.common.block.decor.quartz.BlockSpecialQuartz
Botania:quartzStairsMana,687,true,null,vazkii.botania.common.block.decor.quartz.BlockSpecialQuartzStairs
Botania:quartzTypeBlaze,688,true,null,vazkii.botania.common.block.decor.quartz.BlockSpecialQuartz
Botania:quartzStairsBlaze,689,true,null,vazkii.botania.common.block.decor.quartz.BlockSpecialQuartzStairs
Botania:quartzTypeLavender,690,true,null,vazkii.botania.common.block.decor.quartz.BlockSpecialQuartz
Botania:quartzStairsLavender,691,true,null,vazkii.botania.common.block.decor.quartz.BlockSpecialQuartzStairs
Botania:quartzTypeRed,692,true,null,vazkii.botania.common.block.decor.quartz.BlockSpecialQuartz
Botania:quartzStairsRed,693,true,null,vazkii.botania.common.block.decor.quartz.BlockSpecialQuartzStairs
Botania:quartzTypeElf,694,true,null,vazkii.botania.common.block.decor.quartz.BlockSpecialQuartz
Botania:quartzStairsElf,695,true,null,vazkii.botania.common.block.decor.quartz.BlockSpecialQuartzStairs
Botania:quartzSlabDarkHalf,696,true,null,vazkii.botania.common.block.decor.quartz.BlockSpecialQuartzSlab
Botania:quartzSlabDarkFull,697,true,null,vazkii.botania.common.block.decor.quartz.BlockSpecialQuartzSlab
Botania:quartzSlabManaHalf,698,true,null,vazkii.botania.common.block.decor.quartz.BlockSpecialQuartzSlab
Botania:quartzSlabManaFull,699,true,null,vazkii.botania.common.block.decor.quartz.BlockSpecialQuartzSlab
Botania:quartzSlabBlazeHalf,700,true,null,vazkii.botania.common.block.decor.quartz.BlockSpecialQuartzSlab
Botania:quartzSlabBlazeFull,701,true,null,vazkii.botania.common.block.decor.quartz.BlockSpecialQuartzSlab
Botania:quartzSlabLavenderHalf,702,true,null,vazkii.botania.common.block.decor.quartz.BlockSpecialQuartzSlab
Botania:quartzSlabLavenderFull,703,true,null,vazkii.botania.common.block.decor.quartz.BlockSpecialQuartzSlab
Botania:quartzSlabRedHalf,704,true,null,vazkii.botania.common.block.decor.quartz.BlockSpecialQuartzSlab
Botania:quartzSlabRedFull,705,true,null,vazkii.botania.common.block.decor.quartz.BlockSpecialQuartzSlab
Botania:quartzSlabElfHalf,706,true,null,vazkii.botania.common.block.decor.quartz.BlockSpecialQuartzSlab
Botania:quartzSlabElfFull,707,true,null,vazkii.botania.common.block.decor.quartz.BlockSpecialQuartzSlab
Botania:livingwood0Slab,708,true,null,vazkii.botania.common.block.decor.slabs.living.BlockLivingwoodSlab
Botania:livingwood0SlabFull,709,true,null,vazkii.botania.common.block.decor.slabs.living.BlockLivingwoodSlab
Botania:livingwood1Slab,710,true,null,vazkii.botania.common.block.decor.slabs.living.BlockLivingwoodPlankSlab
Botania:livingwood1SlabFull,711,true,null,vazkii.botania.common.block.decor.slabs.living.BlockLivingwoodPlankSlab
Botania:livingrock0Slab,712,true,null,vazkii.botania.common.block.decor.slabs.living.BlockLivingrockSlab
Botania:livingrock0SlabFull,713,true,null,vazkii.botania.common.block.decor.slabs.living.BlockLivingrockSlab
Botania:livingrock1Slab,714,true,null,vazkii.botania.common.block.decor.slabs.living.BlockLivingrockBrickSlab
Botania:livingrock1SlabFull,715,true,null,vazkii.botania.common.block.decor.slabs.living.BlockLivingrockBrickSlab
Botania:dreamwood0Slab,716,true,null,vazkii.botania.common.block.decor.slabs.living.BlockDreamwoodSlab
Botania:dreamwood0SlabFull,717,true,null,vazkii.botania.common.block.decor.slabs.living.BlockDreamwoodSlab
Botania:dreamwood1Slab,718,true,null,vazkii.botania.common.block.decor.slabs.living.BlockDreamwoodPlankSlab
Botania:dreamwood1SlabFull,719,true,null,vazkii.botania.common.block.decor.slabs.living.BlockDreamwoodPlankSlab
Botania:reedBlock0Slab,720,true,null,vazkii.botania.common.block.decor.slabs.BlockReedSlab
Botania:reedBlock0SlabFull,721,true,null,vazkii.botania.common.block.decor.slabs.BlockReedSlab
Botania:thatch0Slab,722,true,null,vazkii.botania.common.block.decor.slabs.BlockThatchSlab
Botania:thatch0SlabFull,723,true,null,vazkii.botania.common.block.decor.slabs.BlockThatchSlab
Botania:prismarine0Slab,724,true,null,vazkii.botania.common.block.decor.slabs.prismarine.BlockPrismarineSlab
Botania:prismarine0SlabFull,725,true,null,vazkii.botania.common.block.decor.slabs.prismarine.BlockPrismarineSlab
Botania:prismarine1Slab,726,true,null,vazkii.botania.common.block.decor.slabs.prismarine.BlockPrismarineBrickSlab
Botania:prismarine1SlabFull,727,true,null,vazkii.botania.common.block.decor.slabs.prismarine.BlockPrismarineBrickSlab
Botania:prismarine2Slab,728,true,null,vazkii.botania.common.block.decor.slabs.prismarine.BlockDarkPrismarineSlab
Botania:prismarine2SlabFull,729,true,null,vazkii.botania.common.block.decor.slabs.prismarine.BlockDarkPrismarineSlab
Botania:customBrick0Slab,730,true,null,vazkii.botania.common.block.decor.slabs.bricks.BlockCustomBrickSlab
Botania:customBrick0SlabFull,731,true,null,vazkii.botania.common.block.decor.slabs.bricks.BlockCustomBrickSlab
Botania:customBrick1Slab,732,true,null,vazkii.botania.common.block.decor.slabs.bricks.BlockSoulBrickSlab
Botania:customBrick1SlabFull,733,true,null,vazkii.botania.common.block.decor.slabs.bricks.BlockSoulBrickSlab
Botania:customBrick2Slab,734,true,null,vazkii.botania.common.block.decor.slabs.bricks.BlockSnowBrickSlab
Botania:customBrick2SlabFull,735,true,null,vazkii.botania.common.block.decor.slabs.bricks.BlockSnowBrickSlab
Botania:customBrick3Slab,736,true,null,vazkii.botania.common.block.decor.slabs.bricks.BlockTileSlab
Botania:customBrick3SlabFull,737,true,null,vazkii.botania.common.block.decor.slabs.bricks.BlockTileSlab
chisel:chisel.marble,738,true,null,info.jbcs.minecraft.chisel.block.BlockCarvable
chisel:chisel.marbleSlab,739,true,null,info.jbcs.minecraft.chisel.block.BlockMarbleSlab
chisel:chisel.marblePillar,740,true,null,info.jbcs.minecraft.chisel.block.BlockMarblePillar
chisel:chisel.marblePillarSlab,741,true,null,info.jbcs.minecraft.chisel.block.BlockMarbleSlab
chisel:marbleStairs.0,742,true,null,info.jbcs.minecraft.chisel.block.BlockMarbleStairs
chisel:marbleStairs.1,743,true,null,info.jbcs.minecraft.chisel.block.BlockMarbleStairs
chisel:marbleStairs.2,744,true,null,info.jbcs.minecraft.chisel.block.BlockMarbleStairs
chisel:marbleStairs.3,745,true,null,info.jbcs.minecraft.chisel.block.BlockMarbleStairs
chisel:marbleStairs.4,746,true,null,info.jbcs.minecraft.chisel.block.BlockMarbleStairs
chisel:marbleStairs.5,747,true,null,info.jbcs.minecraft.chisel.block.BlockMarbleStairs
chisel:marbleStairs.6,748,true,null,info.jbcs.minecraft.chisel.block.BlockMarbleStairs
chisel:marbleStairs.7,749,true,null,info.jbcs.minecraft.chisel.block.BlockMarbleStairs
chisel:chisel.limestone,750,true,null,info.jbcs.minecraft.chisel.block.BlockCarvable
chisel:chisel.limestoneSlab,751,true,null,info.jbcs.minecraft.chisel.block.BlockMarbleSlab
chisel:limestoneStairs.0,752,true,null,info.jbcs.minecraft.chisel.block.BlockMarbleStairs
chisel:limestoneStairs.1,753,true,null,info.jbcs.minecraft.chisel.block.BlockMarbleStairs
chisel:limestoneStairs.2,754,true,null,info.jbcs.minecraft.chisel.block.BlockMarbleStairs
chisel:limestoneStairs.3,755,true,null,info.jbcs.minecraft.chisel.block.BlockMarbleStairs
chisel:limestoneStairs.4,756,true,null,info.jbcs.minecraft.chisel.block.BlockMarbleStairs
chisel:limestoneStairs.5,757,true,null,info.jbcs.minecraft.chisel.block.BlockMarbleStairs
chisel:limestoneStairs.6,758,true,null,info.jbcs.minecraft.chisel.block.BlockMarbleStairs
chisel:limestoneStairs.7,759,true,null,info.jbcs.minecraft.chisel.block.BlockMarbleStairs
chisel:chisel.cobblestone,760,true,null,info.jbcs.minecraft.chisel.block.BlockCarvable
chisel:chisel.glass,761,true,null,info.jbcs.minecraft.chisel.block.BlockCarvableGlass
chisel:chisel.sandstone,762,true,null,info.jbcs.minecraft.chisel.block.BlockCarvable
chisel:tile.snakestoneSand,763,true,null,info.jbcs.minecraft.chisel.block.BlockSnakestone
chisel:chisel.sandstoneScribbles,764,true,null,info.jbcs.minecraft.chisel.block.BlockCarvable
chisel:chisel.concrete,765,true,null,info.jbcs.minecraft.chisel.block.BlockConcrete
chisel:roadLine,766,true,null,info.jbcs.minecraft.chisel.block.BlockRoadLine
chisel:chisel.iron,767,true,null,info.jbcs.minecraft.chisel.block.BlockBeaconBase
chisel:chisel.gold,768,true,null,info.jbcs.minecraft.chisel.block.BlockBeaconBase
chisel:chisel.diamond,769,true,null,info.jbcs.minecraft.chisel.block.BlockBeaconBase
chisel:chisel.lightstone,770,true,null,info.jbcs.minecraft.chisel.block.BlockLightstoneCarvable
chisel:chisel.lapis,771,true,null,info.jbcs.minecraft.chisel.block.BlockCarvable
chisel:chisel.emerald,772,true,null,info.jbcs.minecraft.chisel.block.BlockBeaconBase
chisel:chisel.netherBrick,773,true,null,info.jbcs.minecraft.chisel.block.BlockCarvable
chisel:chisel.hellrock,774,true,null,info.jbcs.minecraft.chisel.block.BlockCarvable
chisel:chisel.stoneMoss,775,true,null,info.jbcs.minecraft.chisel.block.BlockCarvable
chisel:chisel.stoneBrick,776,true,null,info.jbcs.minecraft.chisel.block.BlockCarvable
chisel:tile.snakestoneStone,777,true,null,info.jbcs.minecraft.chisel.block.BlockSnakestone
chisel:chisel.blockDirt,778,true,null,info.jbcs.minecraft.chisel.block.BlockCarvable
chisel:chisel.ice,779,true,null,info.jbcs.minecraft.chisel.block.BlockMarbleIce
chisel:chisel.icePillar,780,true,null,info.jbcs.minecraft.chisel.block.BlockMarbleIce
chisel:chisel.iceStairs.0,781,true,null,info.jbcs.minecraft.chisel.block.BlockMarbleIceStairs
chisel:chisel.iceStairs.1,782,true,null,info.jbcs.minecraft.chisel.block.BlockMarbleIceStairs
chisel:chisel.iceStairs.2,783,true,null,info.jbcs.minecraft.chisel.block.BlockMarbleIceStairs
chisel:chisel.iceStairs.3,784,true,null,info.jbcs.minecraft.chisel.block.BlockMarbleIceStairs
chisel:chisel.iceStairs.4,785,true,null,info.jbcs.minecraft.chisel.block.BlockMarbleIceStairs
chisel:chisel.iceStairs.5,786,true,null,info.jbcs.minecraft.chisel.block.BlockMarbleIceStairs
chisel:chisel.iceStairs.6,787,true,null,info.jbcs.minecraft.chisel.block.BlockMarbleIceStairs
chisel:chisel.iceStairs.7,788,true,null,info.jbcs.minecraft.chisel.block.BlockMarbleIceStairs
chisel:chisel.wood-oak,789,true,null,info.jbcs.minecraft.chisel.block.BlockCarvable
chisel:chisel.wood-spruce,790,true,null,info.jbcs.minecraft.chisel.block.BlockCarvable
chisel:chisel.wood-birch,791,true,null,info.jbcs.minecraft.chisel.block.BlockCarvable
chisel:chisel.wood-jungle,792,true,null,info.jbcs.minecraft.chisel.block.BlockCarvable
chisel:chisel.wood-acacia,793,true,null,info.jbcs.minecraft.chisel.block.BlockCarvable
chisel:chisel.wood-dark-oak,794,true,null,info.jbcs.minecraft.chisel.block.BlockCarvable
chisel:chisel.obsidian,795,true,null,info.jbcs.minecraft.chisel.block.BlockCarvable
chisel:tile.obsidianSnakestone,796,true,null,info.jbcs.minecraft.chisel.block.BlockSnakestoneObsidian
chisel:chisel.fenceIron,797,true,null,info.jbcs.minecraft.chisel.block.BlockCarvablePane
chisel:chisel.glassPane,798,true,null,info.jbcs.minecraft.chisel.block.BlockCarvablePane
chisel:chisel.blockRedstone,799,true,null,info.jbcs.minecraft.chisel.block.BlockCarvablePowered
chisel:chisel.blockHolystone,800,true,null,info.jbcs.minecraft.chisel.block.BlockHolystone
chisel:chisel.blockLavastone,801,true,null,info.jbcs.minecraft.chisel.block.BlockLavastone
chisel:chisel.blockFft,802,true,null,info.jbcs.minecraft.chisel.block.BlockCarvable
chisel:chisel.blockCarpet,803,true,null,info.jbcs.minecraft.chisel.block.BlockCarvable
chisel:chisel.blockCarpetFloor,804,true,null,info.jbcs.minecraft.chisel.block.BlockMarbleCarpet
chisel:chisel.blockBookshelf,805,true,null,info.jbcs.minecraft.chisel.block.BlockMarbleBookshelf
chisel:chisel.blockTyrian,806,true,null,info.jbcs.minecraft.chisel.block.BlockCarvable
chisel:chisel.blockTemple,807,true,null,info.jbcs.minecraft.chisel.block.BlockEldritch
chisel:chisel.blockTempleMossy,808,true,null,info.jbcs.minecraft.chisel.block.BlockEldritch
chisel:chisel.blockCloud,809,true,null,info.jbcs.minecraft.chisel.block.BlockCloud
chisel:chisel.blockFactory,810,true,null,info.jbcs.minecraft.chisel.block.BlockCarvable
chisel:chisel.chisel.stainedGlassWhite,811,true,null,info.jbcs.minecraft.chisel.block.BlockCarvableGlass
chisel:chisel.chisel.stainedGlassYellow,812,true,null,info.jbcs.minecraft.chisel.block.BlockCarvableGlass
chisel:chisel.chisel.stainedGlassLightGray,813,true,null,info.jbcs.minecraft.chisel.block.BlockCarvableGlass
chisel:chisel.chisel.stainedGlassBrown,814,true,null,info.jbcs.minecraft.chisel.block.BlockCarvableGlass
chisel:chisel.chisel.stainedGlassPaneWhite,815,true,null,info.jbcs.minecraft.chisel.block.BlockCarvablePane
chisel:chisel.chisel.stainedGlassPaneMagenta,816,true,null,info.jbcs.minecraft.chisel.block.BlockCarvablePane
chisel:chisel.chisel.stainedGlassPaneYellow,817,true,null,info.jbcs.minecraft.chisel.block.BlockCarvablePane
chisel:chisel.chisel.stainedGlassPanePink,818,true,null,info.jbcs.minecraft.chisel.block.BlockCarvablePane
chisel:chisel.chisel.stainedGlassPaneLightGray,819,true,null,info.jbcs.minecraft.chisel.block.BlockCarvablePane
chisel:chisel.chisel.stainedGlassPanePurple,820,true,null,info.jbcs.minecraft.chisel.block.BlockCarvablePane
chisel:chisel.chisel.stainedGlassPaneBrown,821,true,null,info.jbcs.minecraft.chisel.block.BlockCarvablePane
chisel:chisel.chisel.stainedGlassPaneRed,822,true,null,info.jbcs.minecraft.chisel.block.BlockCarvablePane
chisel:chisel.blockPaperwall,823,true,null,info.jbcs.minecraft.chisel.block.BlockCarvablePane
chisel:chisel.blockWoolenClay,824,true,null,info.jbcs.minecraft.chisel.block.BlockCarvable
chisel:chisel.blockLaboratory,825,true,null,info.jbcs.minecraft.chisel.block.BlockCarvable
ExtrabiomesXL:leaves_1,826,true,null,extrabiomes.blocks.BlockAutumnLeaves
ExtrabiomesXL:plants4,827,true,null,extrabiomes.blocks.BlockCatTail
ExtrabiomesXL:terrain_blocks2,828,true,null,extrabiomes.blocks.GenericTerrainBlock
ExtrabiomesXL:flower1,829,true,null,extrabiomes.blocks.BlockCustomFlower
ExtrabiomesXL:flower2,830,true,null,extrabiomes.blocks.BlockCustomFlower
ExtrabiomesXL:flower3,831,true,null,extrabiomes.blocks.BlockCustomFlower
ExtrabiomesXL:grass,832,true,null,extrabiomes.blocks.BlockCustomTallGrass
ExtrabiomesXL:leaves_4,833,true,null,extrabiomes.blocks.BlockGreenLeaves
ExtrabiomesXL:leaves_2,834,true,null,extrabiomes.blocks.BlockNewLeaves
ExtrabiomesXL:leaves_3,835,true,null,extrabiomes.blocks.BlockMoreLeaves
ExtrabiomesXL:leaf_pile,836,true,null,extrabiomes.blocks.BlockLeafPile
ExtrabiomesXL:terrain_blocks1,837,true,null,extrabiomes.blocks.BlockRedRock
ExtrabiomesXL:saplings_1,838,true,null,extrabiomes.blocks.BlockCustomSapling
ExtrabiomesXL:saplings_2,839,true,null,extrabiomes.blocks.BlockNewSapling
ExtrabiomesXL:log1,840,true,null,extrabiomes.blocks.BlockCustomLog
ExtrabiomesXL:log2,841,true,null,extrabiomes.blocks.BlockNewLog
ExtrabiomesXL:mini_log_1,842,true,null,extrabiomes.blocks.BlockMiniLog
ExtrabiomesXL:cornerlog_baldcypress,843,true,null,extrabiomes.blocks.BlockNewQuarterLog
ExtrabiomesXL:cornerlog_rainboweucalyptus,844,true,null,extrabiomes.blocks.BlockNewQuarterLog
ExtrabiomesXL:cornerlog_oak,845,true,null,extrabiomes.blocks.BlockNewQuarterLog
ExtrabiomesXL:cornerlog_fir,846,true,null,extrabiomes.blocks.BlockNewQuarterLog
ExtrabiomesXL:cornerlog_redwood,847,true,null,extrabiomes.blocks.BlockNewQuarterLog
ExtrabiomesXL:log_elbow_baldcypress,848,true,null,extrabiomes.blocks.BlockKneeLog
ExtrabiomesXL:log_elbow_rainbow_eucalyptus,849,true,null,extrabiomes.blocks.BlockKneeLog
ExtrabiomesXL:vines,850,true,null,extrabiomes.blocks.BlockCustomVine
ExtrabiomesXL:waterplant1,851,true,null,extrabiomes.blocks.BlockWaterPlant
ExtrabiomesXL:tile.extrabiomes.crop.strawberry,852,true,null,extrabiomes.blocks.BlockCropRegrow
ExtrabiomesXL:quicksand,853,true,null,extrabiomes.module.cautia.block.BlockQuicksand
ExtrabiomesXL:planks,854,true,null,extrabiomes.module.fabrica.block.BlockCustomWood
ExtrabiomesXL:woodslab2,855,true,null,extrabiomes.module.fabrica.block.BlockNewWoodSlab
ExtrabiomesXL:double_woodslab2,856,true,null,extrabiomes.module.fabrica.block.BlockNewWoodSlab
ExtrabiomesXL:woodslab,857,true,null,extrabiomes.module.fabrica.block.BlockCustomWoodSlab
ExtrabiomesXL:double_woodslab,858,true,null,extrabiomes.module.fabrica.block.BlockCustomWoodSlab
ExtrabiomesXL:stairs.redwood,859,true,null,extrabiomes.module.fabrica.block.BlockWoodStairs
ExtrabiomesXL:stairs.fir,860,true,null,extrabiomes.module.fabrica.block.BlockWoodStairs
ExtrabiomesXL:stairs.acacia,861,true,null,extrabiomes.module.fabrica.block.BlockWoodStairs
ExtrabiomesXL:stairs.rainboweucalyptus,862,true,null,extrabiomes.module.fabrica.block.BlockWoodStairs
ExtrabiomesXL:stairs.cypress,863,true,null,extrabiomes.module.fabrica.block.BlockWoodStairs
ExtrabiomesXL:stairs.baldcypress,864,true,null,extrabiomes.module.fabrica.block.BlockWoodStairs
ExtrabiomesXL:stairs.japanesemaple,865,true,null,extrabiomes.module.fabrica.block.BlockWoodStairs
ExtrabiomesXL:stairs.autumn,866,true,null,extrabiomes.module.fabrica.block.BlockWoodStairs
ExtrabiomesXL:stairs.sakurablossom,867,true,null,extrabiomes.module.fabrica.block.BlockWoodStairs
ExtrabiomesXL:slabRedRock,868,true,null,extrabiomes.module.fabrica.block.BlockRedRockSlab
ExtrabiomesXL:double_slabRedRock,869,true,null,extrabiomes.module.fabrica.block.BlockRedRockSlab
ExtrabiomesXL:stairsRedCobble,870,true,null,extrabiomes.module.fabrica.block.BlockCustomStairs
ExtrabiomesXL:redrockbrick,871,true,null,extrabiomes.module.fabrica.block.BlockCustomStairs
ExtrabiomesXL:wall,872,true,null,extrabiomes.module.fabrica.block.BlockCustomWall
ExtrabiomesXL:fence,873,true,null,extrabiomes.blocks.BlockCustomFence
ExtrabiomesXL:door_acacia,874,true,null,extrabiomes.module.fabrica.block.BlockCustomWoodDoor
ExtrabiomesXL:door_autumn,875,true,null,extrabiomes.module.fabrica.block.BlockCustomWoodDoor
ExtrabiomesXL:door_baldcypress,876,true,null,extrabiomes.module.fabrica.block.BlockCustomWoodDoor
ExtrabiomesXL:door_cypress,877,true,null,extrabiomes.module.fabrica.block.BlockCustomWoodDoor
ExtrabiomesXL:door_fir,878,true,null,extrabiomes.module.fabrica.block.BlockCustomWoodDoor
ExtrabiomesXL:door_japanesemaple,879,true,null,extrabiomes.module.fabrica.block.BlockCustomWoodDoor
ExtrabiomesXL:door_rainboweucalyptus,880,true,null,extrabiomes.module.fabrica.block.BlockCustomWoodDoor
ExtrabiomesXL:door_redwood,881,true,null,extrabiomes.module.fabrica.block.BlockCustomWoodDoor
ExtrabiomesXL:door_sakura,882,true,null,extrabiomes.module.fabrica.block.BlockCustomWoodDoor
ExtrabiomesXL:fencegate_acacia,883,true,null,extrabiomes.blocks.BlockCustomFenceGate
ExtrabiomesXL:fencegate_autumn,884,true,null,extrabiomes.blocks.BlockCustomFenceGate
ExtrabiomesXL:fencegate_baldcypress,885,true,null,extrabiomes.blocks.BlockCustomFenceGate
ExtrabiomesXL:fencegate_cypress,886,true,null,extrabiomes.blocks.BlockCustomFenceGate
ExtrabiomesXL:fencegate_fir,887,true,null,extrabiomes.blocks.BlockCustomFenceGate
ExtrabiomesXL:fencegate_japanesemaple,888,true,null,extrabiomes.blocks.BlockCustomFenceGate
ExtrabiomesXL:fencegate_rainboweucalyptus,889,true,null,extrabiomes.blocks.BlockCustomFenceGate
ExtrabiomesXL:fencegate_redwood,890,true,null,extrabiomes.blocks.BlockCustomFenceGate
ExtrabiomesXL:fencegate_sakura,891,true,null,extrabiomes.blocks.BlockCustomFenceGate
TConstruct:liquid.slime,892,true,null,tconstruct.blocks.slime.SlimeFluid
TConstruct:MeatBlock,893,true,null,tconstruct.world.blocks.MeatBlock
TConstruct:WoolSlab1,894,true,null,tconstruct.blocks.SlabBase
TConstruct:WoolSlab2,895,true,null,tconstruct.blocks.SlabBase
TConstruct:trap.punji,896,true,null,tconstruct.blocks.traps.Punji
TConstruct:trap.barricade.oak,897,true,null,tconstruct.blocks.traps.BarricadeBlock
TConstruct:trap.barricade.spruce,898,true,null,tconstruct.blocks.traps.BarricadeBlock
TConstruct:trap.barricade.birch,899,true,null,tconstruct.blocks.traps.BarricadeBlock
TConstruct:trap.barricade.jungle,900,true,null,tconstruct.blocks.traps.BarricadeBlock
TConstruct:explosive.slime,901,true,null,tconstruct.world.blocks.SlimeExplosive
TConstruct:slime.gel,902,true,null,tconstruct.blocks.slime.SlimeGel
TConstruct:slime.grass,903,true,null,tconstruct.blocks.slime.SlimeGrass
TConstruct:slime.grass.tall,904,true,null,tconstruct.blocks.slime.SlimeTallGrass
TConstruct:slime.leaves,905,true,null,tconstruct.blocks.slime.SlimeLeaves
TConstruct:slime.sapling,906,true,null,tconstruct.blocks.slime.SlimeSapling
TConstruct:slime.channel,907,true,null,tconstruct.world.blocks.ConveyorBase
TConstruct:blood.channel,908,true,null,tconstruct.world.blocks.ConveyorBase
TConstruct:slime.pad,909,true,null,tconstruct.world.blocks.SlimePad
TConstruct:decoration.stonetorch,910,true,null,tconstruct.world.blocks.StoneTorch
TConstruct:decoration.stoneladder,911,true,null,tconstruct.world.blocks.StoneLadder
TConstruct:decoration.multibrick,912,true,null,tconstruct.tools.blocks.MultiBrick
TConstruct:decoration.multibrickfancy,913,true,null,tconstruct.tools.blocks.MultiBrickFancy
TConstruct:ore.berries.one,914,true,null,tconstruct.world.blocks.OreberryBush
TConstruct:ore.berries.two,915,true,null,tconstruct.world.blocks.OreberryBushEssence
TConstruct:SearedBrick,916,true,null,tconstruct.smeltery.blocks.MetalOre
TConstruct:GravelOre,917,true,null,tconstruct.world.blocks.GravelOre
TConstruct:rail.wood,918,true,null,tconstruct.world.blocks.WoodRail
TConstruct:MetalBlock,919,true,null,tconstruct.world.blocks.TMetalBlock
TConstruct:ToolStationBlock,920,true,null,tconstruct.tools.blocks.ToolStationBlock
TConstruct:ToolForgeBlock,921,true,null,tconstruct.tools.blocks.ToolForgeBlock
TConstruct:CraftingStation,922,true,null,tconstruct.tools.blocks.CraftingStationBlock
TConstruct:CraftingSlab,923,true,null,tconstruct.tools.blocks.CraftingSlab
TConstruct:FurnaceSlab,924,true,null,tconstruct.tools.blocks.FurnaceSlab
TConstruct:HeldItemBlock,925,true,null,tconstruct.tools.blocks.EquipBlock
TConstruct:BattleSignBlock,926,true,null,tconstruct.tools.blocks.BattlesignBlock
TConstruct:CraftedSoil,927,true,null,tconstruct.world.blocks.SoilBlock
TConstruct:fluid.molten.iron,928,true,null,tconstruct.smeltery.blocks.TConstructFluid
TConstruct:fluid.molten.gold,929,true,null,tconstruct.smeltery.blocks.TConstructFluid
TConstruct:fluid.molten.copper,930,true,null,tconstruct.smeltery.blocks.TConstructFluid
TConstruct:fluid.molten.tin,931,true,null,tconstruct.smeltery.blocks.TConstructFluid
TConstruct:fluid.molten.aluminum,932,true,null,tconstruct.smeltery.blocks.TConstructFluid
TConstruct:fluid.molten.cobalt,933,true,null,tconstruct.smeltery.blocks.TConstructFluid
TConstruct:fluid.molten.ardite,934,true,null,tconstruct.smeltery.blocks.TConstructFluid
TConstruct:fluid.molten.bronze,935,true,null,tconstruct.smeltery.blocks.TConstructFluid
TConstruct:fluid.molten.alubrass,936,true,null,tconstruct.smeltery.blocks.TConstructFluid
TConstruct:fluid.molten.manyullyn,937,true,null,tconstruct.smeltery.blocks.TConstructFluid
TConstruct:fluid.molten.alumite,938,true,null,tconstruct.smeltery.blocks.TConstructFluid
TConstruct:fluid.molten.obsidian,939,true,null,tconstruct.smeltery.blocks.TConstructFluid
TConstruct:fluid.molten.steel,940,true,null,tconstruct.smeltery.blocks.TConstructFluid
TConstruct:fluid.molten.glass,941,true,null,tconstruct.smeltery.blocks.TConstructFluid
TConstruct:molten.stone,942,true,null,tconstruct.smeltery.blocks.TConstructFluid
TConstruct:molten.emerald,943,true,null,tconstruct.smeltery.blocks.TConstructFluid
TConstruct:liquid.blood,944,true,null,tconstruct.smeltery.blocks.BloodBlock
TConstruct:fluid.molten.nickel,945,true,null,tconstruct.smeltery.blocks.TConstructFluid
TConstruct:fluid.molten.lead,946,true,null,tconstruct.smeltery.blocks.TConstructFluid
TConstruct:fluid.molten.silver,947,true,null,tconstruct.smeltery.blocks.TConstructFluid
TConstruct:fluid.molten.shiny,948,true,null,tconstruct.smeltery.blocks.TConstructFluid
TConstruct:fluid.molten.invar,949,true,null,tconstruct.smeltery.blocks.TConstructFluid
TConstruct:fluid.molten.electrum,950,true,null,tconstruct.smeltery.blocks.TConstructFluid
TConstruct:fluid.ender,951,true,null,tconstruct.smeltery.blocks.TConstructFluid
TConstruct:liquid.glue,952,true,null,tconstruct.smeltery.blocks.GlueFluid
TConstruct:fluid.molten.pigiron,953,true,null,tconstruct.smeltery.blocks.PigIronMoltenBlock
TConstruct:SearedSlab,954,true,null,tconstruct.smeltery.blocks.SearedSlab
TConstruct:SpeedSlab,955,true,null,tconstruct.smeltery.blocks.SpeedSlab
TConstruct:GlueBlock,956,true,null,tconstruct.smeltery.blocks.GlueBlock
TConstruct:Smeltery,957,true,null,tconstruct.smeltery.blocks.SmelteryBlock
TConstruct:SmelteryNether,958,true,null,tconstruct.smeltery.blocks.SmelteryBlock
TConstruct:LavaTank,959,true,null,tconstruct.smeltery.blocks.LavaTankBlock
TConstruct:LavaTankNether,960,true,null,tconstruct.smeltery.blocks.LavaTankBlock
TConstruct:SearedBlock,961,true,null,tconstruct.smeltery.blocks.SearedBlock
TConstruct:SearedBlockNether,962,true,null,tconstruct.smeltery.blocks.SearedBlock
TConstruct:CastingChannel,963,true,null,tconstruct.smeltery.blocks.CastingChannelBlock
TConstruct:TankAir,964,true,null,tconstruct.smeltery.blocks.TankAirBlock
TConstruct:SpeedBlock,965,true,null,tconstruct.smeltery.blocks.SpeedBlock
TConstruct:GlassBlock,966,true,null,tconstruct.smeltery.blocks.GlassBlockConnected
TConstruct:GlassPane,967,true,null,tconstruct.smeltery.blocks.GlassPaneConnected
TConstruct:GlassBlock.StainedClear,968,true,null,tconstruct.smeltery.blocks.GlassBlockConnectedMeta
TConstruct:GlassPaneClearStained,969,true,null,tconstruct.smeltery.blocks.GlassPaneStained
TConstruct:Armor.DryingRack,970,true,null,tconstruct.armor.blocks.DryingRack
ExtraTiC:moltenPokefennium,971,true,null,glassmaker.extratic.metals.MoltenMetalBlock
ExtraTiC:moltenFairy,972,true,null,glassmaker.extratic.metals.MoltenMetalBlock
ExtraTiC:blockFunStuff,973,true,null,glassmaker.extratic.metals.SolidMetalBlock
ExtraUtilities:endConstructor,974,true,null,com.rwtema.extrautils.tileentity.enderconstructor.BlockEnderConstructor
ExtraUtilities:endMarker,975,true,null,com.rwtema.extrautils.tileentity.enderquarry.BlockEnderMarkers
ExtraUtilities:curtains,976,true,null,com.rwtema.extrautils.block.BlockCurtain
ExtraUtilities:angelBlock,977,true,null,com.rwtema.extrautils.block.BlockAngelBlock
ExtraUtilities:budoff,978,true,null,com.rwtema.extrautils.block.BlockBUD
ExtraUtilities:chandelier,979,true,null,com.rwtema.extrautils.block.BlockChandelier
ExtraUtilities:decorativeBlock1,980,true,null,com.rwtema.extrautils.block.BlockDecoration
ExtraUtilities:decorativeBlock2,981,true,null,com.rwtema.extrautils.block.BlockDecoration
ExtraUtilities:block_bedrockium,982,true,null,com.rwtema.extrautils.block.BlockBedrockium
ExtraUtilities:datablock,983,true,null,com.rwtema.extrautils.block.BlockColorData
ExtraUtilities:colorStoneBrick,984,true,null,com.rwtema.extrautils.block.BlockColor
ExtraUtilities:colorWoodPlanks,985,true,null,com.rwtema.extrautils.block.BlockColor
ExtraUtilities:color_lightgem,986,true,null,com.rwtema.extrautils.block.BlockColor
ExtraUtilities:color_stone,987,true,null,com.rwtema.extrautils.block.BlockColor
ExtraUtilities:color_quartzBlock,988,true,null,com.rwtema.extrautils.block.BlockColor
ExtraUtilities:color_hellsand,989,true,null,com.rwtema.extrautils.block.BlockColor
ExtraUtilities:color_redstoneLight,990,true,null,com.rwtema.extrautils.block.BlockColor
ExtraUtilities:color_brick,991,true,null,com.rwtema.extrautils.block.BlockColor
ExtraUtilities:color_stonebrick,992,true,null,com.rwtema.extrautils.block.BlockColor
ExtraUtilities:color_blockLapis,993,true,null,com.rwtema.extrautils.block.BlockColor
ExtraUtilities:color_obsidian,994,true,null,com.rwtema.extrautils.block.BlockColor
ExtraUtilities:color_blockRedstone,995,true,null,com.rwtema.extrautils.block.BlockColor
ExtraUtilities:color_blockCoal,996,true,null,com.rwtema.extrautils.block.BlockColor
ExtraUtilities:conveyor,997,true,null,com.rwtema.extrautils.block.BlockConveyor
ExtraUtilities:filing,998,true,null,com.rwtema.extrautils.block.BlockFilingCabinet
ExtraUtilities:greenscreen,999,true,null,com.rwtema.extrautils.block.BlockGreenScreen
ExtraUtilities:trading_post,1000,true,null,com.rwtema.extrautils.block.BlockTradingPost
ExtraUtilities:sound_muffler,1001,true,null,com.rwtema.extrautils.block.BlockSoundMuffler
ExtraUtilities:extractor_base,1002,true,null,com.rwtema.extrautils.tileentity.transfernodes.BlockTransferNode
ExtraUtilities:extractor_base_remote,1003,true,null,com.rwtema.extrautils.tileentity.transfernodes.BlockRetrievalNode
ExtraUtilities:pipes,1004,true,null,com.rwtema.extrautils.tileentity.transfernodes.BlockTransferPipe
ExtraUtilities:pipes.1,1005,true,null,com.rwtema.extrautils.tileentity.transfernodes.BlockTransferPipe
ExtraUtilities:cursedearthside,1006,true,null,com.rwtema.extrautils.block.BlockCursedEarth
ExtraUtilities:trashcan,1007,true,null,com.rwtema.extrautils.block.BlockTrashCan
ExtraUtilities:spike_base,1008,true,null,com.rwtema.extrautils.block.BlockSpike
ExtraUtilities:plant/ender_lilly,1009,true,null,com.rwtema.extrautils.block.BlockEnderLily
ExtraUtilities:timer,1010,true,null,com.rwtema.extrautils.block.BlockTimer
ExtraUtilities:magnumTorch,1011,true,null,com.rwtema.extrautils.block.BlockMagnumTorch
ExtraUtilities:drum,1012,true,null,com.rwtema.extrautils.block.BlockDrum
ExtraUtilities:dark_portal,1013,true,null,com.rwtema.extrautils.block.BlockPortal
ExtraUtilities:etherealglass,1014,true,null,com.rwtema.extrautils.block.BlockEtherealStone
FlatSigns:blockFlatSign,1015,true,null,myrathi.flatsigns.block.BlockFlatSign
GardenCore:garden_soil,1016,true,null,com.jaquadro.minecraft.gardencore.block.BlockGardenSoil
GardenCore:garden_farmland,1017,true,null,com.jaquadro.minecraft.gardencore.block.BlockGardenFarmland
GardenCore:garden_proxy,1018,true,null,com.jaquadro.minecraft.gardencore.block.BlockGardenProxy
GardenCore:small_fire,1019,true,null,com.jaquadro.minecraft.gardencore.block.BlockSmallFire
GardenCore:compost_bin,1020,true,null,com.jaquadro.minecraft.gardencore.block.BlockCompostBin
GardenContainers:wood_window_box,1021,true,null,com.jaquadro.minecraft.gardencontainers.block.BlockWindowBox
GardenContainers:stone_window_box,1022,true,null,com.jaquadro.minecraft.gardencontainers.block.BlockWindowBoxStone
GardenContainers:decorative_pot,1023,true,null,com.jaquadro.minecraft.gardencontainers.block.BlockDecorativePot
GardenContainers:large_pot,1024,true,null,com.jaquadro.minecraft.gardencontainers.block.BlockLargePotStandard
GardenContainers:large_pot_colored,1025,true,null,com.jaquadro.minecraft.gardencontainers.block.BlockLargePotColored
GardenContainers:medium_pot,1026,true,null,com.jaquadro.minecraft.gardencontainers.block.BlockMediumPotStandard
GardenContainers:medium_pot_colored,1027,true,null,com.jaquadro.minecraft.gardencontainers.block.BlockMediumPotColored
GardenContainers:pottery_table,1028,true,null,com.jaquadro.minecraft.gardencontainers.block.BlockPotteryTable
GardenTrees:sapling,1029,true,null,com.jaquadro.minecraft.gardentrees.block.BlockGTSapling
GardenTrees:thin_log,1030,true,null,com.jaquadro.minecraft.gardentrees.block.BlockThinLog
GardenTrees:thin_log_fence,1031,true,null,com.jaquadro.minecraft.gardentrees.block.BlockThinLogFence
Growthcraft:grc.fenceRope,1032,true,null,growthcraft.core.block.BlockFenceRope
Growthcraft:grc.ropeBlock,1033,true,null,growthcraft.core.block.BlockRope
Growthcraft|Cellar:grc.fruitPress,1034,true,null,growthcraft.cellar.block.BlockFruitPress
Growthcraft|Cellar:grc.fruitPresser,1035,true,null,growthcraft.cellar.block.BlockFruitPresser
Growthcraft|Cellar:grc.brewKettle,1036,true,null,growthcraft.cellar.block.BlockBrewKettle
Growthcraft|Cellar:grc.fermentBarrel,1037,true,null,growthcraft.cellar.block.BlockFermentBarrel
Growthcraft|Apples:grc.appleSapling,1038,true,null,growthcraft.apples.BlockAppleSapling
Growthcraft|Apples:grc.appleLeaves,1039,true,null,growthcraft.apples.BlockAppleLeaves
Growthcraft|Apples:grc.appleBlock,1040,true,null,growthcraft.apples.BlockApple
Growthcraft|Bamboo:grc.bambooBlock,1041,true,null,growthcraft.bamboo.BlockBamboo
Growthcraft|Bamboo:grc.bambooShoot,1042,true,null,growthcraft.bamboo.BlockBambooShoot
Growthcraft|Bamboo:grc.bambooStalk,1043,true,null,growthcraft.bamboo.BlockBambooStalk
Growthcraft|Bamboo:grc.bambooLeaves,1044,true,null,growthcraft.bamboo.BlockBambooLeaves
Growthcraft|Bamboo:grc.bambooFence,1045,true,null,growthcraft.bamboo.BlockBambooFence
Growthcraft|Bamboo:grc.bambooWall,1046,true,null,growthcraft.bamboo.BlockBambooWall
Growthcraft|Bamboo:grc.bambooStairs,1047,true,null,growthcraft.bamboo.BlockBambooStairs
Growthcraft|Bamboo:grc.bambooSingleSlab,1048,true,null,growthcraft.bamboo.BlockBambooSlab
Growthcraft|Bamboo:grc.bambooDoubleSlab,1049,true,null,growthcraft.bamboo.BlockBambooSlab
Growthcraft|Bamboo:grc.bambooDoor,1050,true,null,growthcraft.bamboo.BlockBambooDoor
Growthcraft|Bamboo:grc.bambooFenceGate,1051,true,null,growthcraft.bamboo.BlockBambooFenceGate
Growthcraft|Bamboo:grc.bambooScaffold,1052,true,null,growthcraft.bamboo.BlockBambooScaffold
Growthcraft|Bees:grc.beeBox,1053,true,null,growthcraft.bees.BlockBeeBox
Growthcraft|Bees:grc.beeHive,1054,true,null,growthcraft.bees.BlockBeeHive
Growthcraft|Fishtrap:grc.fishTrap,1055,true,null,growthcraft.fishtrap.BlockFishTrap
Growthcraft|Grapes:grc.grapeVine0,1056,true,null,growthcraft.grapes.BlockGrapeVine0
Growthcraft|Grapes:grc.grapeVine1,1057,true,null,growthcraft.grapes.BlockGrapeVine1
Growthcraft|Grapes:grc.grapeLeaves,1058,true,null,growthcraft.grapes.BlockGrapeLeaves
Growthcraft|Grapes:grc.grapeBlock,1059,true,null,growthcraft.grapes.BlockGrapeBlock
Growthcraft|Hops:grc.hopVine,1060,true,null,growthcraft.hops.BlockHops
Growthcraft|Rice:grc.riceBlock,1061,true,null,growthcraft.rice.BlockRice
Growthcraft|Rice:grc.paddyField,1062,true,null,growthcraft.rice.BlockPaddy
IronChest:BlockIronChest,1063,true,null,cpw.mods.ironchest.BlockIronChest
JABBA:barrel,1064,true,null,mcp.mobius.betterbarrels.common.blocks.BlockBarrel
Oceancraft:SeaWeed,1065,true,null,com.Oceancraft.common.BlockSeaWeed
Oceancraft:SeaWeed2,1066,true,null,com.Oceancraft.common.BlockSeaWeed
Oceancraft:SeaWeed4,1067,true,null,com.Oceancraft.common.BlockSeaWeed
Oceancraft:CoralPlant,1068,true,null,com.Oceancraft.common.BlockCoralPlant
Oceancraft:SpongePlant,1069,true,null,com.Oceancraft.common.BlockSpongePlant
Oceancraft:BlockCoral,1070,true,null,com.Oceancraft.common.BlockCoral
Oceancraft:BlockShell,1071,true,null,com.Oceancraft.common.BlockShell
Oceancraft:BlockShell2,1072,true,null,com.Oceancraft.common.BlockShell2
Oceancraft:BlockShell3,1073,true,null,com.Oceancraft.common.BlockShell3
Oceancraft:BlockShell4,1074,true,null,com.Oceancraft.common.BlockShell4
Oceancraft:BlockShell5,1075,true,null,com.Oceancraft.common.BlockShell5
Oceancraft:BlockShell6,1076,true,null,com.Oceancraft.common.BlockShell6
Oceancraft:BlockOyster,1077,true,null,com.Oceancraft.common.BlockOyster
Oceancraft:BlockQuicksand,1078,true,null,com.Oceancraft.common.BlockQuickSand
Oceancraft:BlockQuicksand2,1079,true,null,com.Oceancraft.common.BlockQuickSand2
Oceancraft:BlockFishingNet,1080,true,null,com.Oceancraft.common.BlockFishingNet
desertcraft:Desert Plants,1081,true,null,com.pam.desertcraft.BlockPamDesertPlant
desertcraft:Glass Steel Window,1082,true,null,com.pam.desertcraft.BlockPamGlassSteelWindow
harvestcraft:cuttingboard,1083,true,null,com.pam.harvestcraft.BlockPamCuttingBoard
harvestcraft:pot,1084,true,null,com.pam.harvestcraft.BlockPamPot
harvestcraft:beehive,1085,true,null,com.pam.harvestcraft.BlockPamBeehive
harvestcraft:apiary,1086,true,null,com.pam.harvestcraft.BlockPamApiary
harvestcraft:presser,1087,true,null,com.pam.harvestcraft.BlockPamPresser
harvestcraft:sink,1088,true,null,com.pam.harvestcraft.BlockPamSink
harvestcraft:salt,1089,true,null,com.pam.harvestcraft.BlockPamSalt
harvestcraft:berrygarden,1090,true,null,com.pam.harvestcraft.BlockPamNormalGarden
harvestcraft:desertgarden,1091,true,null,com.pam.harvestcraft.BlockPamDesertGarden
harvestcraft:grassgarden,1092,true,null,com.pam.harvestcraft.BlockPamNormalGarden
harvestcraft:gourdgarden,1093,true,null,com.pam.harvestcraft.BlockPamNormalGarden
harvestcraft:groundgarden,1094,true,null,com.pam.harvestcraft.BlockPamNormalGarden
harvestcraft:herbgarden,1095,true,null,com.pam.harvestcraft.BlockPamNormalGarden
harvestcraft:leafygarden,1096,true,null,com.pam.harvestcraft.BlockPamNormalGarden
harvestcraft:mushroomgarden,1097,true,null,com.pam.harvestcraft.BlockPamMushroomGarden
harvestcraft:stalkgarden,1098,true,null,com.pam.harvestcraft.BlockPamNormalGarden
harvestcraft:textilegarden,1099,true,null,com.pam.harvestcraft.BlockPamNormalGarden
harvestcraft:tropicalgarden,1100,true,null,com.pam.harvestcraft.BlockPamNormalGarden
harvestcraft:watergarden,1101,true,null,com.pam.harvestcraft.BlockPamWaterGarden
harvestcraft:pamApple,1102,true,null,com.pam.harvestcraft.BlockPamFruit
harvestcraft:pamappleSapling,1103,true,null,com.pam.harvestcraft.BlockPamSapling
harvestcraft:pamAlmond,1104,true,null,com.pam.harvestcraft.BlockPamFruit
harvestcraft:pamalmondSapling,1105,true,null,com.pam.harvestcraft.BlockPamSapling
harvestcraft:pamApricot,1106,true,null,com.pam.harvestcraft.BlockPamFruit
harvestcraft:pamapricotSapling,1107,true,null,com.pam.harvestcraft.BlockPamSapling
harvestcraft:pamAvocado,1108,true,null,com.pam.harvestcraft.BlockPamFruit
harvestcraft:pamavocadoSapling,1109,true,null,com.pam.harvestcraft.BlockPamSapling
harvestcraft:pamBanana,1110,true,null,com.pam.harvestcraft.BlockPamFruit
harvestcraft:pambananaSapling,1111,true,null,com.pam.harvestcraft.BlockPamSapling
harvestcraft:pamCashew,1112,true,null,com.pam.harvestcraft.BlockPamFruit
harvestcraft:pamcashewSapling,1113,true,null,com.pam.harvestcraft.BlockPamSapling
harvestcraft:pamCherry,1114,true,null,com.pam.harvestcraft.BlockPamFruit
harvestcraft:pamcherrySapling,1115,true,null,com.pam.harvestcraft.BlockPamSapling
harvestcraft:pamChestnut,1116,true,null,com.pam.harvestcraft.BlockPamFruit
harvestcraft:pamchestnutSapling,1117,true,null,com.pam.harvestcraft.BlockPamSapling
harvestcraft:pamCinnamon,1118,true,null,com.pam.harvestcraft.BlockPamFruit
harvestcraft:pamcinnamonSapling,1119,true,null,com.pam.harvestcraft.BlockPamSapling
harvestcraft:pamCoconut,1120,true,null,com.pam.harvestcraft.BlockPamFruit
harvestcraft:pamcoconutSapling,1121,true,null,com.pam.harvestcraft.BlockPamSapling
harvestcraft:pamDate,1122,true,null,com.pam.harvestcraft.BlockPamFruit
harvestcraft:pamdateSapling,1123,true,null,com.pam.harvestcraft.BlockPamSapling
harvestcraft:pamDragonfruit,1124,true,null,com.pam.harvestcraft.BlockPamFruit
harvestcraft:pamdragonfruitSapling,1125,true,null,com.pam.harvestcraft.BlockPamSapling
harvestcraft:pamDurian,1126,true,null,com.pam.harvestcraft.BlockPamFruit
harvestcraft:pamdurianSapling,1127,true,null,com.pam.harvestcraft.BlockPamSapling
harvestcraft:pamFig,1128,true,null,com.pam.harvestcraft.BlockPamFruit
harvestcraft:pamfigSapling,1129,true,null,com.pam.harvestcraft.BlockPamSapling
harvestcraft:pamGrapefruit,1130,true,null,com.pam.harvestcraft.BlockPamFruit
harvestcraft:pamgrapefruitSapling,1131,true,null,com.pam.harvestcraft.BlockPamSapling
harvestcraft:pamLemon,1132,true,null,com.pam.harvestcraft.BlockPamFruit
harvestcraft:pamlemonSapling,1133,true,null,com.pam.harvestcraft.BlockPamSapling
harvestcraft:pamLime,1134,true,null,com.pam.harvestcraft.BlockPamFruit
harvestcraft:pamlimeSapling,1135,true,null,com.pam.harvestcraft.BlockPamSapling
harvestcraft:pamMaple,1136,true,null,com.pam.harvestcraft.BlockPamFruit
harvestcraft:pammapleSapling,1137,true,null,com.pam.harvestcraft.BlockPamSapling
harvestcraft:pamMango,1138,true,null,com.pam.harvestcraft.BlockPamFruit
harvestcraft:pammangoSapling,1139,true,null,com.pam.harvestcraft.BlockPamSapling
harvestcraft:pamNutmeg,1140,true,null,com.pam.harvestcraft.BlockPamFruit
harvestcraft:pamnutmegSapling,1141,true,null,com.pam.harvestcraft.BlockPamSapling
harvestcraft:pamOlive,1142,true,null,com.pam.harvestcraft.BlockPamFruit
harvestcraft:pamoliveSapling,1143,true,null,com.pam.harvestcraft.BlockPamSapling
harvestcraft:pamOrange,1144,true,null,com.pam.harvestcraft.BlockPamFruit
harvestcraft:pamorangeSapling,1145,true,null,com.pam.harvestcraft.BlockPamSapling
harvestcraft:pamPapaya,1146,true,null,com.pam.harvestcraft.BlockPamFruit
harvestcraft:pampapayaSapling,1147,true,null,com.pam.harvestcraft.BlockPamSapling
harvestcraft:pamPaperbark,1148,true,null,com.pam.harvestcraft.BlockPamFruit
harvestcraft:pampaperbarkSapling,1149,true,null,com.pam.harvestcraft.BlockPamSapling
harvestcraft:pamPeach,1150,true,null,com.pam.harvestcraft.BlockPamFruit
harvestcraft:pampeachSapling,1151,true,null,com.pam.harvestcraft.BlockPamSapling
harvestcraft:pamPear,1152,true,null,com.pam.harvestcraft.BlockPamFruit
harvestcraft:pampearSapling,1153,true,null,com.pam.harvestcraft.BlockPamSapling
harvestcraft:pamPecan,1154,true,null,com.pam.harvestcraft.BlockPamFruit
harvestcraft:pampecanSapling,1155,true,null,com.pam.harvestcraft.BlockPamSapling
harvestcraft:pamPeppercorn,1156,true,null,com.pam.harvestcraft.BlockPamFruit
harvestcraft:pampeppercornSapling,1157,true,null,com.pam.harvestcraft.BlockPamSapling
harvestcraft:pamPersimmon,1158,true,null,com.pam.harvestcraft.BlockPamFruit
harvestcraft:pampersimmonSapling,1159,true,null,com.pam.harvestcraft.BlockPamSapling
harvestcraft:pamPistachio,1160,true,null,com.pam.harvestcraft.BlockPamFruit
harvestcraft:pampistachioSapling,1161,true,null,com.pam.harvestcraft.BlockPamSapling
harvestcraft:pamPlum,1162,true,null,com.pam.harvestcraft.BlockPamFruit
harvestcraft:pamplumSapling,1163,true,null,com.pam.harvestcraft.BlockPamSapling
harvestcraft:pamPomegranate,1164,true,null,com.pam.harvestcraft.BlockPamFruit
harvestcraft:pampomegranateSapling,1165,true,null,com.pam.harvestcraft.BlockPamSapling
harvestcraft:pamStarfruit,1166,true,null,com.pam.harvestcraft.BlockPamFruit
harvestcraft:pamstarfruitSapling,1167,true,null,com.pam.harvestcraft.BlockPamSapling
harvestcraft:pamVanillabean,1168,true,null,com.pam.harvestcraft.BlockPamFruit
harvestcraft:pamvanillabeanSapling,1169,true,null,com.pam.harvestcraft.BlockPamSapling
harvestcraft:pamWalnut,1170,true,null,com.pam.harvestcraft.BlockPamFruit
harvestcraft:pamwalnutSapling,1171,true,null,com.pam.harvestcraft.BlockPamSapling
harvestcraft:pamblackberryCrop,1172,true,null,com.pam.harvestcraft.BlockPamCrop
harvestcraft:pamblueberryCrop,1173,true,null,com.pam.harvestcraft.BlockPamCrop
harvestcraft:pamcandleberryCrop,1174,true,null,com.pam.harvestcraft.BlockPamCrop
harvestcraft:pamraspberryCrop,1175,true,null,com.pam.harvestcraft.BlockPamCrop
harvestcraft:pamstrawberryCrop,1176,true,null,com.pam.harvestcraft.BlockPamCrop
harvestcraft:pamcactusfruitCrop,1177,true,null,com.pam.harvestcraft.BlockPamCrop
harvestcraft:pamasparagusCrop,1178,true,null,com.pam.harvestcraft.BlockPamCrop
harvestcraft:pambarleyCrop,1179,true,null,com.pam.harvestcraft.BlockPamCrop
harvestcraft:pamoatsCrop,1180,true,null,com.pam.harvestcraft.BlockPamCrop
harvestcraft:pamryeCrop,1181,true,null,com.pam.harvestcraft.BlockPamCrop
harvestcraft:pamcornCrop,1182,true,null,com.pam.harvestcraft.BlockPamCrop
harvestcraft:pambambooshootCrop,1183,true,null,com.pam.harvestcraft.BlockPamCrop
harvestcraft:pamcantaloupeCrop,1184,true,null,com.pam.harvestcraft.BlockPamCrop
harvestcraft:pamcucumberCrop,1185,true,null,com.pam.harvestcraft.BlockPamCrop
harvestcraft:pamwintersquashCrop,1186,true,null,com.pam.harvestcraft.BlockPamCrop
harvestcraft:pamzucchiniCrop,1187,true,null,com.pam.harvestcraft.BlockPamCrop
harvestcraft:pambeetCrop,1188,true,null,com.pam.harvestcraft.BlockPamCrop
harvestcraft:pamonionCrop,1189,true,null,com.pam.harvestcraft.BlockPamCrop
harvestcraft:pamparsnipCrop,1190,true,null,com.pam.harvestcraft.BlockPamCrop
harvestcraft:pampeanutCrop,1191,true,null,com.pam.harvestcraft.BlockPamCrop
harvestcraft:pamradishCrop,1192,true,null,com.pam.harvestcraft.BlockPamCrop
harvestcraft:pamrutabagaCrop,1193,true,null,com.pam.harvestcraft.BlockPamCrop
harvestcraft:pamsweetpotatoCrop,1194,true,null,com.pam.harvestcraft.BlockPamCrop
harvestcraft:pamturnipCrop,1195,true,null,com.pam.harvestcraft.BlockPamCrop
harvestcraft:pamrhubarbCrop,1196,true,null,com.pam.harvestcraft.BlockPamCrop
harvestcraft:pamceleryCrop,1197,true,null,com.pam.harvestcraft.BlockPamCrop
harvestcraft:pamgarlicCrop,1198,true,null,com.pam.harvestcraft.BlockPamCrop
harvestcraft:pamgingerCrop,1199,true,null,com.pam.harvestcraft.BlockPamCrop
harvestcraft:pamspiceleafCrop,1200,true,null,com.pam.harvestcraft.BlockPamCrop
harvestcraft:pamtealeafCrop,1201,true,null,com.pam.harvestcraft.BlockPamCrop
harvestcraft:pamcoffeebeanCrop,1202,true,null,com.pam.harvestcraft.BlockPamCrop
harvestcraft:pammustardseedsCrop,1203,true,null,com.pam.harvestcraft.BlockPamCrop
harvestcraft:pambroccoliCrop,1204,true,null,com.pam.harvestcraft.BlockPamCrop
harvestcraft:pamcauliflowerCrop,1205,true,null,com.pam.harvestcraft.BlockPamCrop
harvestcraft:pamleekCrop,1206,true,null,com.pam.harvestcraft.BlockPamCrop
harvestcraft:pamlettuceCrop,1207,true,null,com.pam.harvestcraft.BlockPamCrop
harvestcraft:pamscallionCrop,1208,true,null,com.pam.harvestcraft.BlockPamCrop
harvestcraft:pamartichokeCrop,1209,true,null,com.pam.harvestcraft.BlockPamCrop
harvestcraft:pambrusselsproutCrop,1210,true,null,com.pam.harvestcraft.BlockPamCrop
harvestcraft:pamcabbageCrop,1211,true,null,com.pam.harvestcraft.BlockPamCrop
harvestcraft:pamwhitemushroomCrop,1212,true,null,com.pam.harvestcraft.BlockPamCrop
harvestcraft:pambeanCrop,1213,true,null,com.pam.harvestcraft.BlockPamCrop
harvestcraft:pamsoybeanCrop,1214,true,null,com.pam.harvestcraft.BlockPamCrop
harvestcraft:pambellpepperCrop,1215,true,null,com.pam.harvestcraft.BlockPamCrop
harvestcraft:pamchilipepperCrop,1216,true,null,com.pam.harvestcraft.BlockPamCrop
harvestcraft:pameggplantCrop,1217,true,null,com.pam.harvestcraft.BlockPamCrop
harvestcraft:pamokraCrop,1218,true,null,com.pam.harvestcraft.BlockPamCrop
harvestcraft:pampeasCrop,1219,true,null,com.pam.harvestcraft.BlockPamCrop
harvestcraft:pamtomatoCrop,1220,true,null,com.pam.harvestcraft.BlockPamCrop
harvestcraft:pamcottonCrop,1221,true,null,com.pam.harvestcraft.BlockPamCrop
harvestcraft:pampineappleCrop,1222,true,null,com.pam.harvestcraft.BlockPamCrop
harvestcraft:pamgrapeCrop,1223,true,null,com.pam.harvestcraft.BlockPamCrop
harvestcraft:pamkiwiCrop,1224,true,null,com.pam.harvestcraft.BlockPamCrop
harvestcraft:pamcranberryCrop,1225,true,null,com.pam.harvestcraft.BlockPamCrop
harvestcraft:pamriceCrop,1226,true,null,com.pam.harvestcraft.BlockPamCrop
harvestcraft:pamseaweedCrop,1227,true,null,com.pam.harvestcraft.BlockPamCrop
harvestcraft:pamcandleDeco1,1228,true,null,com.pam.harvestcraft.BlockPamCandleDeco
harvestcraft:pamcandleDeco2,1229,true,null,com.pam.harvestcraft.BlockPamCandleDeco
harvestcraft:pamcandleDeco3,1230,true,null,com.pam.harvestcraft.BlockPamCandleDeco
harvestcraft:pamcandleDeco4,1231,true,null,com.pam.harvestcraft.BlockPamCandleDeco
harvestcraft:pamcandleDeco5,1232,true,null,com.pam.harvestcraft.BlockPamCandleDeco
harvestcraft:pamcandleDeco6,1233,true,null,com.pam.harvestcraft.BlockPamCandleDeco
harvestcraft:pamcandleDeco7,1234,true,null,com.pam.harvestcraft.BlockPamCandleDeco
harvestcraft:pamcandleDeco8,1235,true,null,com.pam.harvestcraft.BlockPamCandleDeco
harvestcraft:pamcandleDeco9,1236,true,null,com.pam.harvestcraft.BlockPamCandleDeco
harvestcraft:pamcandleDeco10,1237,true,null,com.pam.harvestcraft.BlockPamCandleDeco
harvestcraft:pamcandleDeco11,1238,true,null,com.pam.harvestcraft.BlockPamCandleDeco
harvestcraft:pamcandleDeco12,1239,true,null,com.pam.harvestcraft.BlockPamCandleDeco
harvestcraft:pamcandleDeco13,1240,true,null,com.pam.harvestcraft.BlockPamCandleDeco
harvestcraft:pamcandleDeco14,1241,true,null,com.pam.harvestcraft.BlockPamCandleDeco
harvestcraft:pamcandleDeco15,1242,true,null,com.pam.harvestcraft.BlockPamCandleDeco
harvestcraft:pamcandleDeco16,1243,true,null,com.pam.harvestcraft.BlockPamCandleDeco
sinhikabark:sinhikabark_barkblock,1244,true,null,com.sinhika.bark.blocks.BlockBark
StorageDrawers:fullDrawers2,1245,true,null,com.jaquadro.minecraft.storagedrawers.block.BlockDrawers
StorageDrawers:fullDrawers4,1246,true,null,com.jaquadro.minecraft.storagedrawers.block.BlockDrawers
StorageDrawers:halfDrawers2,1247,true,null,com.jaquadro.minecraft.storagedrawers.block.BlockDrawers
StorageDrawers:halfDrawers4,1248,true,null,com.jaquadro.minecraft.storagedrawers.block.BlockDrawers
StorageDrawers:compDrawers,1249,true,null,com.jaquadro.minecraft.storagedrawers.block.BlockCompDrawers
ThaumicTinkerer:infusedGrainBlock,1250,true,null,thaumic.tinkerer.common.block.BlockInfusedGrain
ThaumicTinkerer:darkQuartzSlab,1251,true,null,thaumic.tinkerer.common.block.quartz.BlockDarkQuartzSlab
ThaumicTinkerer:darkQuartzSlabFull,1252,true,null,thaumic.tinkerer.common.block.quartz.BlockDarkQuartzSlab
ThaumicTinkerer:gaseousLight,1253,true,null,thaumic.tinkerer.common.block.BlockGaseousLight
ThaumicTinkerer:fireOrder,1254,true,null,thaumic.tinkerer.common.block.fire.BlockFireOrder
ThaumicTinkerer:darkQuartzStairs,1255,true,null,thaumic.tinkerer.common.block.quartz.BlockDarkQuartzStairs
ThaumicTinkerer:forcefield,1256,true,null,thaumic.tinkerer.common.block.BlockForcefield
ThaumicTinkerer:Levitational Locomotive,1257,true,null,thaumic.tinkerer.common.block.mobilizer.BlockMobilizer
ThaumicTinkerer:enchanter,1258,true,null,thaumic.tinkerer.common.block.BlockEnchanter
ThaumicTinkerer:animationTablet,1259,true,null,thaumic.tinkerer.common.block.BlockAnimationTablet
ThaumicTinkerer:bedrockPortal,1260,true,null,thaumic.tinkerer.common.block.kami.BlockBedrockPortal
ThaumicTinkerer:magnet,1261,true,null,thaumic.tinkerer.common.block.BlockMagnet
ThaumicTinkerer:repairer,1262,true,null,thaumic.tinkerer.common.block.BlockRepairer
ThaumicTinkerer:fireAir,1263,true,null,thaumic.tinkerer.common.block.fire.BlockFireAir
ThaumicTinkerer:spawner,1264,true,null,thaumic.tinkerer.common.block.BlockSummon
ThaumicTinkerer:interface,1265,true,null,thaumic.tinkerer.common.block.transvector.BlockTransvectorInterface
ThaumicTinkerer:gaseousShadow,1266,true,null,thaumic.tinkerer.common.block.BlockGaseousShadow
ThaumicTinkerer:infusedFarmland,1267,true,null,thaumic.tinkerer.common.block.BlockInfusedFarmland
ThaumicTinkerer:fireWater,1268,true,null,thaumic.tinkerer.common.block.fire.BlockFireWater
ThaumicTinkerer:fireChaos,1269,true,null,thaumic.tinkerer.common.block.fire.BlockFireChaos
ThaumicTinkerer:nitorGas,1270,true,null,thaumic.tinkerer.common.block.BlockNitorGas
ThaumicTinkerer:Levitational Locomotive Relay,1271,true,null,thaumic.tinkerer.common.block.mobilizer.BlockMobilizerRelay
ThaumicTinkerer:funnel,1272,true,null,thaumic.tinkerer.common.block.BlockFunnel
ThaumicTinkerer:warpGate,1273,true,null,thaumic.tinkerer.common.block.kami.BlockWarpGate
ThaumicTinkerer:platform,1274,true,null,thaumic.tinkerer.common.block.BlockPlatform
ThaumicTinkerer:fireEarth,1275,true,null,thaumic.tinkerer.common.block.fire.BlockFireEarth
ThaumicTinkerer:dislocator,1276,true,null,thaumic.tinkerer.common.block.transvector.BlockTransvectorDislocator
ThaumicTinkerer:fireFire,1277,true,null,thaumic.tinkerer.common.block.fire.BlockFireIgnis
ThaumicTinkerer:darkQuartz,1278,true,null,thaumic.tinkerer.common.block.quartz.BlockDarkQuartz
ThaumicExploration:autoSorter,1279,true,null,flaxbeard.thaumicexploration.block.BlockAutoSorter
ThaumicExploration:trashJar,1280,true,null,flaxbeard.thaumicexploration.block.BlockTrashJar
ThaumicExploration:boundChest,1281,true,null,flaxbeard.thaumicexploration.block.BlockBoundChest
ThaumicExploration:floatCandle,1282,true,null,flaxbeard.thaumicexploration.block.BlockFloatyCandle
ThaumicExploration:meltyIce,1283,true,null,flaxbeard.thaumicexploration.block.BlockBootsIce
ThaumicExploration:boundJar,1284,true,null,flaxbeard.thaumicexploration.block.BlockBoundJar
ThaumicExploration:thinkTankJar,1285,true,null,flaxbeard.thaumicexploration.block.BlockThinkTank
ThaumicExploration:everfullUrn,1286,true,null,flaxbeard.thaumicexploration.block.BlockEverfullUrn
ThaumicExploration:everburnUrn,1287,true,null,flaxbeard.thaumicexploration.block.BlockEverburnUrn
ThaumicExploration:soulBrazier,1288,true,null,flaxbeard.thaumicexploration.block.BlockSoulBrazier
ThaumicExploration:crucibleSouls,1289,true,null,flaxbeard.thaumicexploration.block.BlockCrucibleSouls
ThaumicExploration:replicator,1290,true,null,flaxbeard.thaumicexploration.block.BlockReplicator
UndergroundBiomes:igneousStone,1291,true,null,exterminatorJeff.undergroundBiomes.common.block.BlockIgneousStone
UndergroundBiomes:igneousCobblestone,1292,true,null,exterminatorJeff.undergroundBiomes.common.block.BlockIgneousCobblestone
UndergroundBiomes:igneousStoneBrick,1293,true,null,exterminatorJeff.undergroundBiomes.common.block.BlockIgneousStoneBrick
UndergroundBiomes:metamorphicStone,1294,true,null,exterminatorJeff.undergroundBiomes.common.block.BlockMetamorphicStone
UndergroundBiomes:metamorphicCobblestone,1295,true,null,exterminatorJeff.undergroundBiomes.common.block.BlockMetamorphicCobblestone
UndergroundBiomes:metamorphicStoneBrick,1296,true,null,exterminatorJeff.undergroundBiomes.common.block.BlockMetamorphicStoneBrick
UndergroundBiomes:sedimentaryStone,1297,true,null,exterminatorJeff.undergroundBiomes.common.block.BlockSedimentaryStone
UndergroundBiomes:igneousStoneBrickHalfSlab,1298,true,null,exterminatorJeff.undergroundBiomes.common.block.BlockStoneSlab
UndergroundBiomes:igneousStoneBrickFullSlab,1299,true,null,exterminatorJeff.undergroundBiomes.common.block.BlockStoneSlab
UndergroundBiomes:metamorphicStoneBrickHalfSlab,1300,true,null,exterminatorJeff.undergroundBiomes.common.block.BlockStoneSlab
UndergroundBiomes:metamorphicStoneBrickFullSlab,1301,true,null,exterminatorJeff.undergroundBiomes.common.block.BlockStoneSlab
UndergroundBiomes:igneousStoneHalfSlab,1302,true,null,exterminatorJeff.undergroundBiomes.common.block.BlockStoneSlab
UndergroundBiomes:igneousStoneFullSlab,1303,true,null,exterminatorJeff.undergroundBiomes.common.block.BlockStoneSlab
UndergroundBiomes:metamorphicStoneHalfSlab,1304,true,null,exterminatorJeff.undergroundBiomes.common.block.BlockStoneSlab
UndergroundBiomes:metamorphicStoneFullSlab,1305,true,null,exterminatorJeff.undergroundBiomes.common.block.BlockStoneSlab
UndergroundBiomes:igneousCobblestoneHalfSlab,1306,true,null,exterminatorJeff.undergroundBiomes.common.block.BlockStoneSlab
UndergroundBiomes:igneousCobblestoneFullSlab,1307,true,null,exterminatorJeff.undergroundBiomes.common.block.BlockStoneSlab
UndergroundBiomes:metamorphicCobblestoneHalfSlab,1308,true,null,exterminatorJeff.undergroundBiomes.common.block.BlockStoneSlab
UndergroundBiomes:metamorphicCobblestoneFullSlab,1309,true,null,exterminatorJeff.undergroundBiomes.common.block.BlockStoneSlab
UndergroundBiomes:sedimentaryStoneHalfSlab,1310,true,null,exterminatorJeff.undergroundBiomes.common.block.BlockStoneSlab
UndergroundBiomes:sedimentaryStoneFullSlab,1311,true,null,exterminatorJeff.undergroundBiomes.common.block.BlockStoneSlab
UndergroundBiomes:button,1312,true,null,exterminatorJeff.undergroundBiomes.constructs.block.UBButtonBase
UndergroundBiomes:stairs,1313,true,null,exterminatorJeff.undergroundBiomes.constructs.block.UBStairsBase
UndergroundBiomes:wall,1314,true,null,exterminatorJeff.undergroundBiomes.constructs.block.UBWallBase
UndergroundBiomes:igneous_oreRedstone,1315,true,null,exterminatorJeff.undergroundBiomes.common.block.BlockUBOre
UndergroundBiomes:metamorphic_oreRedstone,1316,true,null,exterminatorJeff.undergroundBiomes.common.block.BlockUBOre
UndergroundBiomes:sedimentary_oreRedstone,1317,true,null,exterminatorJeff.undergroundBiomes.common.block.BlockUBOre
UndergroundBiomes:igneous_oreCoal,1318,true,null,exterminatorJeff.undergroundBiomes.common.block.BlockUBOre
UndergroundBiomes:metamorphic_oreCoal,1319,true,null,exterminatorJeff.undergroundBiomes.common.block.BlockUBOre
UndergroundBiomes:sedimentary_oreCoal,1320,true,null,exterminatorJeff.undergroundBiomes.common.block.BlockUBOre
UndergroundBiomes:igneous_oreDiamond,1321,true,null,exterminatorJeff.undergroundBiomes.common.block.BlockUBOre
UndergroundBiomes:metamorphic_oreDiamond,1322,true,null,exterminatorJeff.undergroundBiomes.common.block.BlockUBOre
UndergroundBiomes:sedimentary_oreDiamond,1323,true,null,exterminatorJeff.undergroundBiomes.common.block.BlockUBOre
UndergroundBiomes:igneous_oreLapis,1324,true,null,exterminatorJeff.undergroundBiomes.common.block.BlockUBOre
UndergroundBiomes:metamorphic_oreLapis,1325,true,null,exterminatorJeff.undergroundBiomes.common.block.BlockUBOre
UndergroundBiomes:sedimentary_oreLapis,1326,true,null,exterminatorJeff.undergroundBiomes.common.block.BlockUBOre
UndergroundBiomes:igneous_oreEmerald,1327,true,null,exterminatorJeff.undergroundBiomes.common.block.BlockUBOre
UndergroundBiomes:metamorphic_oreEmerald,1328,true,null,exterminatorJeff.undergroundBiomes.common.block.BlockUBOre
UndergroundBiomes:sedimentary_oreEmerald,1329,true,null,exterminatorJeff.undergroundBiomes.common.block.BlockUBOre
UndergroundBiomes:igneous_oreGold,1330,true,null,exterminatorJeff.undergroundBiomes.common.block.BlockUBOre
UndergroundBiomes:metamorphic_oreGold,1331,true,null,exterminatorJeff.undergroundBiomes.common.block.BlockUBOre
UndergroundBiomes:sedimentary_oreGold,1332,true,null,exterminatorJeff.undergroundBiomes.common.block.BlockUBOre
UndergroundBiomes:igneous_oreIron,1333,true,null,exterminatorJeff.undergroundBiomes.common.block.BlockUBOre
UndergroundBiomes:metamorphic_oreIron,1334,true,null,exterminatorJeff.undergroundBiomes.common.block.BlockUBOre
UndergroundBiomes:sedimentary_oreIron,1335,true,null,exterminatorJeff.undergroundBiomes.common.block.BlockUBOre
